run_id,holdout_generator,trial_id,stage,epoch,train_loss,val_segment_roc_auc,val_segment_eer,val_track_roc_auc,val_track_eer,is_best_epoch,early_stop_counter,updates,cumulative_updates,val_inference_sec,epoch_sec
cnn_unseen_fixed_20260919T173228Z,udio,udio_fixed_transfer,fixed_hyperparameter_transfer,1,0.10564862504120796,0.7303882725832012,0.3510301109350238,0.747962382445141,0.3195402298850575,True,0,398,398,4.1736546660540625,82.15489412506577
cnn_unseen_fixed_20260919T173228Z,udio,udio_fixed_transfer,fixed_hyperparameter_transfer,2,0.09016513772994679,0.8705277817797629,0.21212121212121213,0.9188087774294671,0.15172413793103445,True,0,398,796,3.911967334104702,78.45957824995276
cnn_unseen_fixed_20260919T173228Z,udio,udio_fixed_transfer,fixed_hyperparameter_transfer,3,0.0798102266013763,0.8827558469000625,0.2196969696969697,0.9037095088819227,0.20454545454545456,False,1,398,1194,3.953657625010237,76.95946745795663
cnn_unseen_fixed_20260919T173228Z,udio,udio_fixed_transfer,fixed_hyperparameter_transfer,4,0.07229948494961466,0.9168527589684483,0.150554675118859,0.946760710553814,0.11363636363636363,True,0,398,1592,4.006825332995504,76.93823408393655
cnn_unseen_fixed_20260919T173228Z,udio,udio_fixed_transfer,fixed_hyperparameter_transfer,5,0.06571443634976748,0.9502653316044758,0.10459587955625993,0.971055381400209,0.06818181818181818,True,0,398,1990,3.968399374978617,76.62810950004496
cnn_unseen_fixed_20260919T173228Z,udio,udio_fixed_transfer,fixed_hyperparameter_transfer,6,0.056897428453578244,0.933841185227873,0.1590909090909091,0.9504702194357366,0.13636363636363635,False,1,398,2388,4.044664415996522,76.58587466692552
cnn_unseen_fixed_20260919T173228Z,udio,udio_fixed_transfer,fixed_hyperparameter_transfer,7,0.05395472135298089,0.9382653796282957,0.15151515151515152,0.9626959247648903,0.11363636363636363,False,2,398,2786,3.8115816249046475,83.3714205409633
cnn_unseen_fixed_20260919T173228Z,udio,udio_fixed_transfer,fixed_hyperparameter_transfer,8,0.046073099890508395,0.8623427219901072,0.24088748019017436,0.8586206896551725,0.22758620689655173,False,3,398,3184,3.903139042085968,74.40881533408538
cnn_unseen_fixed_20260919T173228Z,udio,udio_fixed_transfer,fixed_hyperparameter_transfer,9,0.04253340676532403,0.9027277529654709,0.1893939393939394,0.9289968652037617,0.13636363636363635,False,4,398,3582,3.837717500049621,72.35992904205341
