segment_id,track_id,original_audio_id,label,score,prediction,run_id,holdout_generator,model,variant,cohort,split,level,threshold
seg_000063,sample_00021,Attention - Pete Prodoehl,0,0.2955498695373535,1,cnn_unseen_fixed_20260919T173228Z,udio,Log-Mel CNN,fixed_hyperparameter_transfer,paired_source,test,segment,0.23395635187625885
seg_000064,sample_00021,Attention - Pete Prodoehl,0,0.6143824458122253,1,cnn_unseen_fixed_20260919T173228Z,udio,Log-Mel CNN,fixed_hyperparameter_transfer,paired_source,test,segment,0.23395635187625885
seg_000065,sample_00021,Attention - Pete Prodoehl,0,0.9300709962844848,1,cnn_unseen_fixed_20260919T173228Z,udio,Log-Mel CNN,fixed_hyperparameter_transfer,paired_source,test,segment,0.23395635187625885
seg_000135,sample_00045,Dance Harder - Three Chain Links,0,0.0236105471849441,0,cnn_unseen_fixed_20260919T173228Z,udio,Log-Mel CNN,fixed_hyperparameter_transfer,paired_source,test,segment,0.23395635187625885
seg_000136,sample_00045,Dance Harder - Three Chain Links,0,0.1138822957873344,0,cnn_unseen_fixed_20260919T173228Z,udio,Log-Mel CNN,fixed_hyperparameter_transfer,paired_source,test,segment,0.23395635187625885
seg_000137,sample_00045,Dance Harder - Three Chain Links,0,0.1618377119302749,0,cnn_unseen_fixed_20260919T173228Z,udio,Log-Mel CNN,fixed_hyperparameter_transfer,paired_source,test,segment,0.23395635187625885
seg_000147,sample_00049,Different Day - First,0,0.0768313333392143,0,cnn_unseen_fixed_20260919T173228Z,udio,Log-Mel CNN,fixed_hyperparameter_transfer,paired_source,test,segment,0.23395635187625885
seg_000148,sample_00049,Different Day - First,0,0.1293668448925018,0,cnn_unseen_fixed_20260919T173228Z,udio,Log-Mel CNN,fixed_hyperparameter_transfer,paired_source,test,segment,0.23395635187625885
seg_000149,sample_00049,Different Day - First,0,0.0650628507137298,0,cnn_unseen_fixed_20260919T173228Z,udio,Log-Mel CNN,fixed_hyperparameter_transfer,paired_source,test,segment,0.23395635187625885
seg_000237,sample_00079,Fuckaboing - RoccoW,0,0.122074469923973,0,cnn_unseen_fixed_20260919T173228Z,udio,Log-Mel CNN,fixed_hyperparameter_transfer,paired_source,test,segment,0.23395635187625885
seg_000238,sample_00079,Fuckaboing - RoccoW,0,0.0489833354949951,0,cnn_unseen_fixed_20260919T173228Z,udio,Log-Mel CNN,fixed_hyperparameter_transfer,paired_source,test,segment,0.23395635187625885
seg_000239,sample_00079,Fuckaboing - RoccoW,0,0.0056905294768512,0,cnn_unseen_fixed_20260919T173228Z,udio,Log-Mel CNN,fixed_hyperparameter_transfer,paired_source,test,segment,0.23395635187625885
seg_000261,sample_00087,"Head of Ancante, Talking Tree - Ak'chamel, The Giver of Illness",0,0.1294608861207962,0,cnn_unseen_fixed_20260919T173228Z,udio,Log-Mel CNN,fixed_hyperparameter_transfer,paired_source,test,segment,0.23395635187625885
seg_000262,sample_00087,"Head of Ancante, Talking Tree - Ak'chamel, The Giver of Illness",0,0.2081930935382843,0,cnn_unseen_fixed_20260919T173228Z,udio,Log-Mel CNN,fixed_hyperparameter_transfer,paired_source,test,segment,0.23395635187625885
seg_000263,sample_00087,"Head of Ancante, Talking Tree - Ak'chamel, The Giver of Illness",0,0.3252432346343994,1,cnn_unseen_fixed_20260919T173228Z,udio,Log-Mel CNN,fixed_hyperparameter_transfer,paired_source,test,segment,0.23395635187625885
seg_000267,sample_00089,"Hungry - Oh Yeah, the Future",0,0.0437354706227779,0,cnn_unseen_fixed_20260919T173228Z,udio,Log-Mel CNN,fixed_hyperparameter_transfer,paired_source,test,segment,0.23395635187625885
seg_000268,sample_00089,"Hungry - Oh Yeah, the Future",0,0.1869358420372009,0,cnn_unseen_fixed_20260919T173228Z,udio,Log-Mel CNN,fixed_hyperparameter_transfer,paired_source,test,segment,0.23395635187625885
seg_000269,sample_00089,"Hungry - Oh Yeah, the Future",0,0.0418932400643825,0,cnn_unseen_fixed_20260919T173228Z,udio,Log-Mel CNN,fixed_hyperparameter_transfer,paired_source,test,segment,0.23395635187625885
seg_000270,sample_00090,I - Inflammator,0,0.0109726721420884,0,cnn_unseen_fixed_20260919T173228Z,udio,Log-Mel CNN,fixed_hyperparameter_transfer,paired_source,test,segment,0.23395635187625885
seg_000271,sample_00090,I - Inflammator,0,0.03373284637928,0,cnn_unseen_fixed_20260919T173228Z,udio,Log-Mel CNN,fixed_hyperparameter_transfer,paired_source,test,segment,0.23395635187625885
seg_000272,sample_00090,I - Inflammator,0,0.0547781586647033,0,cnn_unseen_fixed_20260919T173228Z,udio,Log-Mel CNN,fixed_hyperparameter_transfer,paired_source,test,segment,0.23395635187625885
seg_000348,sample_00116,LIQUID SKULLS - voyageurs,0,0.0123677039518952,0,cnn_unseen_fixed_20260919T173228Z,udio,Log-Mel CNN,fixed_hyperparameter_transfer,paired_source,test,segment,0.23395635187625885
seg_000349,sample_00116,LIQUID SKULLS - voyageurs,0,0.0317454263567924,0,cnn_unseen_fixed_20260919T173228Z,udio,Log-Mel CNN,fixed_hyperparameter_transfer,paired_source,test,segment,0.23395635187625885
seg_000350,sample_00116,LIQUID SKULLS - voyageurs,0,0.0359708629548549,0,cnn_unseen_fixed_20260919T173228Z,udio,Log-Mel CNN,fixed_hyperparameter_transfer,paired_source,test,segment,0.23395635187625885
seg_000396,sample_00132,Love Dream - The Zombie Dandies,0,0.0104783168062567,0,cnn_unseen_fixed_20260919T173228Z,udio,Log-Mel CNN,fixed_hyperparameter_transfer,paired_source,test,segment,0.23395635187625885
seg_000397,sample_00132,Love Dream - The Zombie Dandies,0,0.0433824434876441,0,cnn_unseen_fixed_20260919T173228Z,udio,Log-Mel CNN,fixed_hyperparameter_transfer,paired_source,test,segment,0.23395635187625885
seg_000398,sample_00132,Love Dream - The Zombie Dandies,0,0.0317987501621246,0,cnn_unseen_fixed_20260919T173228Z,udio,Log-Mel CNN,fixed_hyperparameter_transfer,paired_source,test,segment,0.23395635187625885
seg_000432,sample_00144,Motocross Mania - Monroeville Music Center,0,0.1090994328260421,0,cnn_unseen_fixed_20260919T173228Z,udio,Log-Mel CNN,fixed_hyperparameter_transfer,paired_source,test,segment,0.23395635187625885
seg_000433,sample_00144,Motocross Mania - Monroeville Music Center,0,0.0764080882072448,0,cnn_unseen_fixed_20260919T173228Z,udio,Log-Mel CNN,fixed_hyperparameter_transfer,paired_source,test,segment,0.23395635187625885
seg_000434,sample_00144,Motocross Mania - Monroeville Music Center,0,0.1713926047086715,0,cnn_unseen_fixed_20260919T173228Z,udio,Log-Mel CNN,fixed_hyperparameter_transfer,paired_source,test,segment,0.23395635187625885
seg_000438,sample_00146,Music For an Underground Circu - Ergo Phizmiz,0,0.0671593472361564,0,cnn_unseen_fixed_20260919T173228Z,udio,Log-Mel CNN,fixed_hyperparameter_transfer,paired_source,test,segment,0.23395635187625885
seg_000439,sample_00146,Music For an Underground Circu - Ergo Phizmiz,0,0.0869659036397934,0,cnn_unseen_fixed_20260919T173228Z,udio,Log-Mel CNN,fixed_hyperparameter_transfer,paired_source,test,segment,0.23395635187625885
seg_000440,sample_00146,Music For an Underground Circu - Ergo Phizmiz,0,0.1180810779333114,0,cnn_unseen_fixed_20260919T173228Z,udio,Log-Mel CNN,fixed_hyperparameter_transfer,paired_source,test,segment,0.23395635187625885
seg_000462,sample_00154,Night Owl - Broke For Free,0,0.0541175492107868,0,cnn_unseen_fixed_20260919T173228Z,udio,Log-Mel CNN,fixed_hyperparameter_transfer,paired_source,test,segment,0.23395635187625885
seg_000463,sample_00154,Night Owl - Broke For Free,0,0.0712053924798965,0,cnn_unseen_fixed_20260919T173228Z,udio,Log-Mel CNN,fixed_hyperparameter_transfer,paired_source,test,segment,0.23395635187625885
seg_000464,sample_00154,Night Owl - Broke For Free,0,0.0985109359025955,0,cnn_unseen_fixed_20260919T173228Z,udio,Log-Mel CNN,fixed_hyperparameter_transfer,paired_source,test,segment,0.23395635187625885
seg_000513,sample_00171,Pista Afuera - Epstein,0,0.0448844283819198,0,cnn_unseen_fixed_20260919T173228Z,udio,Log-Mel CNN,fixed_hyperparameter_transfer,paired_source,test,segment,0.23395635187625885
seg_000514,sample_00171,Pista Afuera - Epstein,0,0.0281279683113098,0,cnn_unseen_fixed_20260919T173228Z,udio,Log-Mel CNN,fixed_hyperparameter_transfer,paired_source,test,segment,0.23395635187625885
seg_000515,sample_00171,Pista Afuera - Epstein,0,0.0341179482638835,0,cnn_unseen_fixed_20260919T173228Z,udio,Log-Mel CNN,fixed_hyperparameter_transfer,paired_source,test,segment,0.23395635187625885
seg_000534,sample_00178,Realize Me - Jim Rooster,0,0.1156112477183342,0,cnn_unseen_fixed_20260919T173228Z,udio,Log-Mel CNN,fixed_hyperparameter_transfer,paired_source,test,segment,0.23395635187625885
seg_000535,sample_00178,Realize Me - Jim Rooster,0,0.0232968218624591,0,cnn_unseen_fixed_20260919T173228Z,udio,Log-Mel CNN,fixed_hyperparameter_transfer,paired_source,test,segment,0.23395635187625885
seg_000536,sample_00178,Realize Me - Jim Rooster,0,0.0134141752496361,0,cnn_unseen_fixed_20260919T173228Z,udio,Log-Mel CNN,fixed_hyperparameter_transfer,paired_source,test,segment,0.23395635187625885
seg_000540,sample_00180,Resistentialism - Nihilore,0,0.019924160093069,0,cnn_unseen_fixed_20260919T173228Z,udio,Log-Mel CNN,fixed_hyperparameter_transfer,paired_source,test,segment,0.23395635187625885
seg_000541,sample_00180,Resistentialism - Nihilore,0,0.061932124197483,0,cnn_unseen_fixed_20260919T173228Z,udio,Log-Mel CNN,fixed_hyperparameter_transfer,paired_source,test,segment,0.23395635187625885
seg_000542,sample_00180,Resistentialism - Nihilore,0,0.1571627259254455,0,cnn_unseen_fixed_20260919T173228Z,udio,Log-Mel CNN,fixed_hyperparameter_transfer,paired_source,test,segment,0.23395635187625885
seg_000588,sample_00196,Sfogare Il Dissenso - Deiezione HC,0,0.0096079129725694,0,cnn_unseen_fixed_20260919T173228Z,udio,Log-Mel CNN,fixed_hyperparameter_transfer,paired_source,test,segment,0.23395635187625885
seg_000589,sample_00196,Sfogare Il Dissenso - Deiezione HC,0,0.0257185213267803,0,cnn_unseen_fixed_20260919T173228Z,udio,Log-Mel CNN,fixed_hyperparameter_transfer,paired_source,test,segment,0.23395635187625885
seg_000590,sample_00196,Sfogare Il Dissenso - Deiezione HC,0,0.0169452372938394,0,cnn_unseen_fixed_20260919T173228Z,udio,Log-Mel CNN,fixed_hyperparameter_transfer,paired_source,test,segment,0.23395635187625885
seg_000594,sample_00198,She Works / Tepid Waters - Bird Names,0,0.0029875107575207,0,cnn_unseen_fixed_20260919T173228Z,udio,Log-Mel CNN,fixed_hyperparameter_transfer,paired_source,test,segment,0.23395635187625885
seg_000595,sample_00198,She Works / Tepid Waters - Bird Names,0,0.0044520087540149,0,cnn_unseen_fixed_20260919T173228Z,udio,Log-Mel CNN,fixed_hyperparameter_transfer,paired_source,test,segment,0.23395635187625885
seg_000596,sample_00198,She Works / Tepid Waters - Bird Names,0,0.0081326430663466,0,cnn_unseen_fixed_20260919T173228Z,udio,Log-Mel CNN,fixed_hyperparameter_transfer,paired_source,test,segment,0.23395635187625885
seg_000618,sample_00206,Something Dirty - Ergo Phizmiz,0,0.0517577640712261,0,cnn_unseen_fixed_20260919T173228Z,udio,Log-Mel CNN,fixed_hyperparameter_transfer,paired_source,test,segment,0.23395635187625885
seg_000619,sample_00206,Something Dirty - Ergo Phizmiz,0,0.0656150504946708,0,cnn_unseen_fixed_20260919T173228Z,udio,Log-Mel CNN,fixed_hyperparameter_transfer,paired_source,test,segment,0.23395635187625885
seg_000620,sample_00206,Something Dirty - Ergo Phizmiz,0,0.0391745828092098,0,cnn_unseen_fixed_20260919T173228Z,udio,Log-Mel CNN,fixed_hyperparameter_transfer,paired_source,test,segment,0.23395635187625885
seg_000648,sample_00216,Stuttgart - Portrayal,0,0.0344418175518512,0,cnn_unseen_fixed_20260919T173228Z,udio,Log-Mel CNN,fixed_hyperparameter_transfer,paired_source,test,segment,0.23395635187625885
seg_000649,sample_00216,Stuttgart - Portrayal,0,0.0244048666208982,0,cnn_unseen_fixed_20260919T173228Z,udio,Log-Mel CNN,fixed_hyperparameter_transfer,paired_source,test,segment,0.23395635187625885
seg_000650,sample_00216,Stuttgart - Portrayal,0,0.0270575433969497,0,cnn_unseen_fixed_20260919T173228Z,udio,Log-Mel CNN,fixed_hyperparameter_transfer,paired_source,test,segment,0.23395635187625885
seg_000669,sample_00223,Terve Teille - Чокнутый Пропеллер,0,0.0509516894817352,0,cnn_unseen_fixed_20260919T173228Z,udio,Log-Mel CNN,fixed_hyperparameter_transfer,paired_source,test,segment,0.23395635187625885
seg_000670,sample_00223,Terve Teille - Чокнутый Пропеллер,0,0.1582074761390686,0,cnn_unseen_fixed_20260919T173228Z,udio,Log-Mel CNN,fixed_hyperparameter_transfer,paired_source,test,segment,0.23395635187625885
seg_000671,sample_00223,Terve Teille - Чокнутый Пропеллер,0,0.1223227158188819,0,cnn_unseen_fixed_20260919T173228Z,udio,Log-Mel CNN,fixed_hyperparameter_transfer,paired_source,test,segment,0.23395635187625885
seg_000756,sample_00252,Troubles I've seen - Malaventura,0,0.0483093075454235,0,cnn_unseen_fixed_20260919T173228Z,udio,Log-Mel CNN,fixed_hyperparameter_transfer,paired_source,test,segment,0.23395635187625885
seg_000757,sample_00252,Troubles I've seen - Malaventura,0,0.0731400549411773,0,cnn_unseen_fixed_20260919T173228Z,udio,Log-Mel CNN,fixed_hyperparameter_transfer,paired_source,test,segment,0.23395635187625885
seg_000758,sample_00252,Troubles I've seen - Malaventura,0,0.508108377456665,1,cnn_unseen_fixed_20260919T173228Z,udio,Log-Mel CNN,fixed_hyperparameter_transfer,paired_source,test,segment,0.23395635187625885
seg_000759,sample_00253,Ugh! Humans Can Join - Mystery Mammal,0,0.3415821194648742,1,cnn_unseen_fixed_20260919T173228Z,udio,Log-Mel CNN,fixed_hyperparameter_transfer,paired_source,test,segment,0.23395635187625885
seg_000760,sample_00253,Ugh! Humans Can Join - Mystery Mammal,0,0.0390982329845428,0,cnn_unseen_fixed_20260919T173228Z,udio,Log-Mel CNN,fixed_hyperparameter_transfer,paired_source,test,segment,0.23395635187625885
seg_000761,sample_00253,Ugh! Humans Can Join - Mystery Mammal,0,0.036421176046133,0,cnn_unseen_fixed_20260919T173228Z,udio,Log-Mel CNN,fixed_hyperparameter_transfer,paired_source,test,segment,0.23395635187625885
seg_000810,sample_00270,Where Is Everything - The Moi Non Plus,0,0.0056456117890775,0,cnn_unseen_fixed_20260919T173228Z,udio,Log-Mel CNN,fixed_hyperparameter_transfer,paired_source,test,segment,0.23395635187625885
seg_000811,sample_00270,Where Is Everything - The Moi Non Plus,0,0.0188405718654394,0,cnn_unseen_fixed_20260919T173228Z,udio,Log-Mel CNN,fixed_hyperparameter_transfer,paired_source,test,segment,0.23395635187625885
seg_000812,sample_00270,Where Is Everything - The Moi Non Plus,0,0.0407472401857376,0,cnn_unseen_fixed_20260919T173228Z,udio,Log-Mel CNN,fixed_hyperparameter_transfer,paired_source,test,segment,0.23395635187625885
seg_000813,sample_00271,Who Loves You Dear - Mink Lungs,0,0.0039094421081244,0,cnn_unseen_fixed_20260919T173228Z,udio,Log-Mel CNN,fixed_hyperparameter_transfer,paired_source,test,segment,0.23395635187625885
seg_000814,sample_00271,Who Loves You Dear - Mink Lungs,0,0.0609192214906215,0,cnn_unseen_fixed_20260919T173228Z,udio,Log-Mel CNN,fixed_hyperparameter_transfer,paired_source,test,segment,0.23395635187625885
seg_000815,sample_00271,Who Loves You Dear - Mink Lungs,0,0.0957770571112632,0,cnn_unseen_fixed_20260919T173228Z,udio,Log-Mel CNN,fixed_hyperparameter_transfer,paired_source,test,segment,0.23395635187625885
seg_006870,sample_02389,Dance Harder - Three Chain Links,1,0.9631031155586244,1,cnn_unseen_fixed_20260919T173228Z,udio,Log-Mel CNN,fixed_hyperparameter_transfer,paired_source,test,segment,0.23395635187625885
seg_006871,sample_02389,Dance Harder - Three Chain Links,1,0.624033510684967,1,cnn_unseen_fixed_20260919T173228Z,udio,Log-Mel CNN,fixed_hyperparameter_transfer,paired_source,test,segment,0.23395635187625885
seg_006872,sample_02389,Dance Harder - Three Chain Links,1,0.8914346098899841,1,cnn_unseen_fixed_20260919T173228Z,udio,Log-Mel CNN,fixed_hyperparameter_transfer,paired_source,test,segment,0.23395635187625885
seg_006873,sample_02390,Dance Harder - Three Chain Links,1,0.4767768383026123,1,cnn_unseen_fixed_20260919T173228Z,udio,Log-Mel CNN,fixed_hyperparameter_transfer,paired_source,test,segment,0.23395635187625885
seg_006874,sample_02390,Dance Harder - Three Chain Links,1,0.4313976168632507,1,cnn_unseen_fixed_20260919T173228Z,udio,Log-Mel CNN,fixed_hyperparameter_transfer,paired_source,test,segment,0.23395635187625885
seg_006875,sample_02390,Dance Harder - Three Chain Links,1,0.8400972485542297,1,cnn_unseen_fixed_20260919T173228Z,udio,Log-Mel CNN,fixed_hyperparameter_transfer,paired_source,test,segment,0.23395635187625885
seg_006906,sample_02401,Fuckaboing - RoccoW,1,0.9686864614486694,1,cnn_unseen_fixed_20260919T173228Z,udio,Log-Mel CNN,fixed_hyperparameter_transfer,paired_source,test,segment,0.23395635187625885
seg_006907,sample_02401,Fuckaboing - RoccoW,1,0.7692314982414246,1,cnn_unseen_fixed_20260919T173228Z,udio,Log-Mel CNN,fixed_hyperparameter_transfer,paired_source,test,segment,0.23395635187625885
seg_006908,sample_02401,Fuckaboing - RoccoW,1,0.8939293622970581,1,cnn_unseen_fixed_20260919T173228Z,udio,Log-Mel CNN,fixed_hyperparameter_transfer,paired_source,test,segment,0.23395635187625885
seg_006909,sample_02402,Fuckaboing - RoccoW,1,0.0561013557016849,0,cnn_unseen_fixed_20260919T173228Z,udio,Log-Mel CNN,fixed_hyperparameter_transfer,paired_source,test,segment,0.23395635187625885
seg_006910,sample_02402,Fuckaboing - RoccoW,1,0.3098911345005035,1,cnn_unseen_fixed_20260919T173228Z,udio,Log-Mel CNN,fixed_hyperparameter_transfer,paired_source,test,segment,0.23395635187625885
seg_006911,sample_02402,Fuckaboing - RoccoW,1,0.0741104409098625,0,cnn_unseen_fixed_20260919T173228Z,udio,Log-Mel CNN,fixed_hyperparameter_transfer,paired_source,test,segment,0.23395635187625885
seg_006954,sample_02417,Night Owl - Broke For Free,1,0.5848374366760254,1,cnn_unseen_fixed_20260919T173228Z,udio,Log-Mel CNN,fixed_hyperparameter_transfer,paired_source,test,segment,0.23395635187625885
seg_006955,sample_02417,Night Owl - Broke For Free,1,0.2833591401576996,1,cnn_unseen_fixed_20260919T173228Z,udio,Log-Mel CNN,fixed_hyperparameter_transfer,paired_source,test,segment,0.23395635187625885
seg_006956,sample_02417,Night Owl - Broke For Free,1,0.3855253756046295,1,cnn_unseen_fixed_20260919T173228Z,udio,Log-Mel CNN,fixed_hyperparameter_transfer,paired_source,test,segment,0.23395635187625885
seg_006957,sample_02418,Night Owl - Broke For Free,1,0.4798228144645691,1,cnn_unseen_fixed_20260919T173228Z,udio,Log-Mel CNN,fixed_hyperparameter_transfer,paired_source,test,segment,0.23395635187625885
seg_006958,sample_02418,Night Owl - Broke For Free,1,0.2164973467588424,0,cnn_unseen_fixed_20260919T173228Z,udio,Log-Mel CNN,fixed_hyperparameter_transfer,paired_source,test,segment,0.23395635187625885
seg_006959,sample_02418,Night Owl - Broke For Free,1,0.3054879605770111,1,cnn_unseen_fixed_20260919T173228Z,udio,Log-Mel CNN,fixed_hyperparameter_transfer,paired_source,test,segment,0.23395635187625885
seg_007014,sample_02437,Pista Afuera - Epstein,1,0.206930011510849,0,cnn_unseen_fixed_20260919T173228Z,udio,Log-Mel CNN,fixed_hyperparameter_transfer,paired_source,test,segment,0.23395635187625885
seg_007015,sample_02437,Pista Afuera - Epstein,1,0.1030303090810775,0,cnn_unseen_fixed_20260919T173228Z,udio,Log-Mel CNN,fixed_hyperparameter_transfer,paired_source,test,segment,0.23395635187625885
seg_007016,sample_02437,Pista Afuera - Epstein,1,0.7467375993728638,1,cnn_unseen_fixed_20260919T173228Z,udio,Log-Mel CNN,fixed_hyperparameter_transfer,paired_source,test,segment,0.23395635187625885
seg_007017,sample_02438,Pista Afuera - Epstein,1,0.3444603979587555,1,cnn_unseen_fixed_20260919T173228Z,udio,Log-Mel CNN,fixed_hyperparameter_transfer,paired_source,test,segment,0.23395635187625885
seg_007018,sample_02438,Pista Afuera - Epstein,1,0.5235449075698853,1,cnn_unseen_fixed_20260919T173228Z,udio,Log-Mel CNN,fixed_hyperparameter_transfer,paired_source,test,segment,0.23395635187625885
seg_007019,sample_02438,Pista Afuera - Epstein,1,0.7581802606582642,1,cnn_unseen_fixed_20260919T173228Z,udio,Log-Mel CNN,fixed_hyperparameter_transfer,paired_source,test,segment,0.23395635187625885
seg_007026,sample_02441,Realize Me - Jim Rooster,1,0.1582190692424774,0,cnn_unseen_fixed_20260919T173228Z,udio,Log-Mel CNN,fixed_hyperparameter_transfer,paired_source,test,segment,0.23395635187625885
seg_007027,sample_02441,Realize Me - Jim Rooster,1,0.1332876086235046,0,cnn_unseen_fixed_20260919T173228Z,udio,Log-Mel CNN,fixed_hyperparameter_transfer,paired_source,test,segment,0.23395635187625885
seg_007028,sample_02441,Realize Me - Jim Rooster,1,0.5927390456199646,1,cnn_unseen_fixed_20260919T173228Z,udio,Log-Mel CNN,fixed_hyperparameter_transfer,paired_source,test,segment,0.23395635187625885
seg_007029,sample_02442,Realize Me - Jim Rooster,1,0.0538331009447574,0,cnn_unseen_fixed_20260919T173228Z,udio,Log-Mel CNN,fixed_hyperparameter_transfer,paired_source,test,segment,0.23395635187625885
seg_007030,sample_02442,Realize Me - Jim Rooster,1,0.0093396930024027,0,cnn_unseen_fixed_20260919T173228Z,udio,Log-Mel CNN,fixed_hyperparameter_transfer,paired_source,test,segment,0.23395635187625885
seg_007031,sample_02442,Realize Me - Jim Rooster,1,0.7556748986244202,1,cnn_unseen_fixed_20260919T173228Z,udio,Log-Mel CNN,fixed_hyperparameter_transfer,paired_source,test,segment,0.23395635187625885
seg_007032,sample_02443,Resistentialism - Nihilore,1,0.9446346759796144,1,cnn_unseen_fixed_20260919T173228Z,udio,Log-Mel CNN,fixed_hyperparameter_transfer,paired_source,test,segment,0.23395635187625885
seg_007033,sample_02443,Resistentialism - Nihilore,1,0.896106481552124,1,cnn_unseen_fixed_20260919T173228Z,udio,Log-Mel CNN,fixed_hyperparameter_transfer,paired_source,test,segment,0.23395635187625885
seg_007034,sample_02443,Resistentialism - Nihilore,1,0.8661643862724304,1,cnn_unseen_fixed_20260919T173228Z,udio,Log-Mel CNN,fixed_hyperparameter_transfer,paired_source,test,segment,0.23395635187625885
seg_007035,sample_02444,Resistentialism - Nihilore,1,0.5886247754096985,1,cnn_unseen_fixed_20260919T173228Z,udio,Log-Mel CNN,fixed_hyperparameter_transfer,paired_source,test,segment,0.23395635187625885
seg_007036,sample_02444,Resistentialism - Nihilore,1,0.2578497231006622,1,cnn_unseen_fixed_20260919T173228Z,udio,Log-Mel CNN,fixed_hyperparameter_transfer,paired_source,test,segment,0.23395635187625885
seg_007037,sample_02444,Resistentialism - Nihilore,1,0.919284999370575,1,cnn_unseen_fixed_20260919T173228Z,udio,Log-Mel CNN,fixed_hyperparameter_transfer,paired_source,test,segment,0.23395635187625885
seg_007098,sample_02465,Ugh! Humans Can Join - Mystery Mammal,1,0.745880663394928,1,cnn_unseen_fixed_20260919T173228Z,udio,Log-Mel CNN,fixed_hyperparameter_transfer,paired_source,test,segment,0.23395635187625885
seg_007099,sample_02465,Ugh! Humans Can Join - Mystery Mammal,1,0.8586541414260864,1,cnn_unseen_fixed_20260919T173228Z,udio,Log-Mel CNN,fixed_hyperparameter_transfer,paired_source,test,segment,0.23395635187625885
seg_007100,sample_02465,Ugh! Humans Can Join - Mystery Mammal,1,0.8368889093399048,1,cnn_unseen_fixed_20260919T173228Z,udio,Log-Mel CNN,fixed_hyperparameter_transfer,paired_source,test,segment,0.23395635187625885
seg_007101,sample_02466,Ugh! Humans Can Join - Mystery Mammal,1,0.2288742214441299,0,cnn_unseen_fixed_20260919T173228Z,udio,Log-Mel CNN,fixed_hyperparameter_transfer,paired_source,test,segment,0.23395635187625885
seg_007102,sample_02466,Ugh! Humans Can Join - Mystery Mammal,1,0.1488207727670669,0,cnn_unseen_fixed_20260919T173228Z,udio,Log-Mel CNN,fixed_hyperparameter_transfer,paired_source,test,segment,0.23395635187625885
seg_007103,sample_02466,Ugh! Humans Can Join - Mystery Mammal,1,0.8365722894668579,1,cnn_unseen_fixed_20260919T173228Z,udio,Log-Mel CNN,fixed_hyperparameter_transfer,paired_source,test,segment,0.23395635187625885
seg_007152,sample_02483,Different Day - First,1,0.3401742279529571,1,cnn_unseen_fixed_20260919T173228Z,udio,Log-Mel CNN,fixed_hyperparameter_transfer,paired_source,test,segment,0.23395635187625885
seg_007153,sample_02483,Different Day - First,1,0.414913147687912,1,cnn_unseen_fixed_20260919T173228Z,udio,Log-Mel CNN,fixed_hyperparameter_transfer,paired_source,test,segment,0.23395635187625885
seg_007154,sample_02483,Different Day - First,1,0.5463329553604126,1,cnn_unseen_fixed_20260919T173228Z,udio,Log-Mel CNN,fixed_hyperparameter_transfer,paired_source,test,segment,0.23395635187625885
seg_007155,sample_02484,Different Day - First,1,0.2426700592041015,1,cnn_unseen_fixed_20260919T173228Z,udio,Log-Mel CNN,fixed_hyperparameter_transfer,paired_source,test,segment,0.23395635187625885
seg_007156,sample_02484,Different Day - First,1,0.2501592338085174,1,cnn_unseen_fixed_20260919T173228Z,udio,Log-Mel CNN,fixed_hyperparameter_transfer,paired_source,test,segment,0.23395635187625885
seg_007157,sample_02484,Different Day - First,1,0.803305447101593,1,cnn_unseen_fixed_20260919T173228Z,udio,Log-Mel CNN,fixed_hyperparameter_transfer,paired_source,test,segment,0.23395635187625885
seg_007182,sample_02493,"Hungry - Oh Yeah, the Future",1,0.1813126504421234,0,cnn_unseen_fixed_20260919T173228Z,udio,Log-Mel CNN,fixed_hyperparameter_transfer,paired_source,test,segment,0.23395635187625885
seg_007183,sample_02493,"Hungry - Oh Yeah, the Future",1,0.0712366625666618,0,cnn_unseen_fixed_20260919T173228Z,udio,Log-Mel CNN,fixed_hyperparameter_transfer,paired_source,test,segment,0.23395635187625885
seg_007184,sample_02493,"Hungry - Oh Yeah, the Future",1,0.4241805076599121,1,cnn_unseen_fixed_20260919T173228Z,udio,Log-Mel CNN,fixed_hyperparameter_transfer,paired_source,test,segment,0.23395635187625885
seg_007185,sample_02494,"Hungry - Oh Yeah, the Future",1,0.1128651574254036,0,cnn_unseen_fixed_20260919T173228Z,udio,Log-Mel CNN,fixed_hyperparameter_transfer,paired_source,test,segment,0.23395635187625885
seg_007186,sample_02494,"Hungry - Oh Yeah, the Future",1,0.0814744755625724,0,cnn_unseen_fixed_20260919T173228Z,udio,Log-Mel CNN,fixed_hyperparameter_transfer,paired_source,test,segment,0.23395635187625885
seg_007187,sample_02494,"Hungry - Oh Yeah, the Future",1,0.0830787792801857,0,cnn_unseen_fixed_20260919T173228Z,udio,Log-Mel CNN,fixed_hyperparameter_transfer,paired_source,test,segment,0.23395635187625885
seg_007248,sample_02515,Motocross Mania - Monroeville Music Center,1,0.4467560946941376,1,cnn_unseen_fixed_20260919T173228Z,udio,Log-Mel CNN,fixed_hyperparameter_transfer,paired_source,test,segment,0.23395635187625885
seg_007249,sample_02515,Motocross Mania - Monroeville Music Center,1,0.8930904865264893,1,cnn_unseen_fixed_20260919T173228Z,udio,Log-Mel CNN,fixed_hyperparameter_transfer,paired_source,test,segment,0.23395635187625885
seg_007250,sample_02515,Motocross Mania - Monroeville Music Center,1,0.8668879866600037,1,cnn_unseen_fixed_20260919T173228Z,udio,Log-Mel CNN,fixed_hyperparameter_transfer,paired_source,test,segment,0.23395635187625885
seg_007251,sample_02516,Motocross Mania - Monroeville Music Center,1,0.6800041794776917,1,cnn_unseen_fixed_20260919T173228Z,udio,Log-Mel CNN,fixed_hyperparameter_transfer,paired_source,test,segment,0.23395635187625885
seg_007252,sample_02516,Motocross Mania - Monroeville Music Center,1,0.2507143318653106,1,cnn_unseen_fixed_20260919T173228Z,udio,Log-Mel CNN,fixed_hyperparameter_transfer,paired_source,test,segment,0.23395635187625885
seg_007253,sample_02516,Motocross Mania - Monroeville Music Center,1,0.3236396014690399,1,cnn_unseen_fixed_20260919T173228Z,udio,Log-Mel CNN,fixed_hyperparameter_transfer,paired_source,test,segment,0.23395635187625885
seg_007254,sample_02517,Music For an Underground Circu - Ergo Phizmiz,1,0.4250235259532928,1,cnn_unseen_fixed_20260919T173228Z,udio,Log-Mel CNN,fixed_hyperparameter_transfer,paired_source,test,segment,0.23395635187625885
seg_007255,sample_02517,Music For an Underground Circu - Ergo Phizmiz,1,0.1550163775682449,0,cnn_unseen_fixed_20260919T173228Z,udio,Log-Mel CNN,fixed_hyperparameter_transfer,paired_source,test,segment,0.23395635187625885
seg_007256,sample_02517,Music For an Underground Circu - Ergo Phizmiz,1,0.5936241745948792,1,cnn_unseen_fixed_20260919T173228Z,udio,Log-Mel CNN,fixed_hyperparameter_transfer,paired_source,test,segment,0.23395635187625885
seg_007257,sample_02518,Music For an Underground Circu - Ergo Phizmiz,1,0.4250235259532928,1,cnn_unseen_fixed_20260919T173228Z,udio,Log-Mel CNN,fixed_hyperparameter_transfer,paired_source,test,segment,0.23395635187625885
seg_007258,sample_02518,Music For an Underground Circu - Ergo Phizmiz,1,0.1550163775682449,0,cnn_unseen_fixed_20260919T173228Z,udio,Log-Mel CNN,fixed_hyperparameter_transfer,paired_source,test,segment,0.23395635187625885
seg_007259,sample_02518,Music For an Underground Circu - Ergo Phizmiz,1,0.3246188163757324,1,cnn_unseen_fixed_20260919T173228Z,udio,Log-Mel CNN,fixed_hyperparameter_transfer,paired_source,test,segment,0.23395635187625885
seg_007314,sample_02537,She Works / Tepid Waters - Bird Names,1,0.065001755952835,0,cnn_unseen_fixed_20260919T173228Z,udio,Log-Mel CNN,fixed_hyperparameter_transfer,paired_source,test,segment,0.23395635187625885
seg_007315,sample_02537,She Works / Tepid Waters - Bird Names,1,0.0092994319275021,0,cnn_unseen_fixed_20260919T173228Z,udio,Log-Mel CNN,fixed_hyperparameter_transfer,paired_source,test,segment,0.23395635187625885
seg_007316,sample_02537,She Works / Tepid Waters - Bird Names,1,0.0103025361895561,0,cnn_unseen_fixed_20260919T173228Z,udio,Log-Mel CNN,fixed_hyperparameter_transfer,paired_source,test,segment,0.23395635187625885
seg_007317,sample_02538,She Works / Tepid Waters - Bird Names,1,0.0247273240238428,0,cnn_unseen_fixed_20260919T173228Z,udio,Log-Mel CNN,fixed_hyperparameter_transfer,paired_source,test,segment,0.23395635187625885
seg_007318,sample_02538,She Works / Tepid Waters - Bird Names,1,0.0172316953539848,0,cnn_unseen_fixed_20260919T173228Z,udio,Log-Mel CNN,fixed_hyperparameter_transfer,paired_source,test,segment,0.23395635187625885
seg_007319,sample_02538,She Works / Tepid Waters - Bird Names,1,0.0502210333943367,0,cnn_unseen_fixed_20260919T173228Z,udio,Log-Mel CNN,fixed_hyperparameter_transfer,paired_source,test,segment,0.23395635187625885
seg_007326,sample_02541,Something Dirty - Ergo Phizmiz,1,0.4685609936714172,1,cnn_unseen_fixed_20260919T173228Z,udio,Log-Mel CNN,fixed_hyperparameter_transfer,paired_source,test,segment,0.23395635187625885
seg_007327,sample_02541,Something Dirty - Ergo Phizmiz,1,0.3440642356872558,1,cnn_unseen_fixed_20260919T173228Z,udio,Log-Mel CNN,fixed_hyperparameter_transfer,paired_source,test,segment,0.23395635187625885
seg_007328,sample_02541,Something Dirty - Ergo Phizmiz,1,0.3746861219406128,1,cnn_unseen_fixed_20260919T173228Z,udio,Log-Mel CNN,fixed_hyperparameter_transfer,paired_source,test,segment,0.23395635187625885
seg_007329,sample_02542,Something Dirty - Ergo Phizmiz,1,0.4685609936714172,1,cnn_unseen_fixed_20260919T173228Z,udio,Log-Mel CNN,fixed_hyperparameter_transfer,paired_source,test,segment,0.23395635187625885
seg_007330,sample_02542,Something Dirty - Ergo Phizmiz,1,0.3440642356872558,1,cnn_unseen_fixed_20260919T173228Z,udio,Log-Mel CNN,fixed_hyperparameter_transfer,paired_source,test,segment,0.23395635187625885
seg_007331,sample_02542,Something Dirty - Ergo Phizmiz,1,0.8922666907310486,1,cnn_unseen_fixed_20260919T173228Z,udio,Log-Mel CNN,fixed_hyperparameter_transfer,paired_source,test,segment,0.23395635187625885
seg_007386,sample_02561,Troubles I've seen - Malaventura,1,0.9015591144561768,1,cnn_unseen_fixed_20260919T173228Z,udio,Log-Mel CNN,fixed_hyperparameter_transfer,paired_source,test,segment,0.23395635187625885
seg_007387,sample_02561,Troubles I've seen - Malaventura,1,0.9722599387168884,1,cnn_unseen_fixed_20260919T173228Z,udio,Log-Mel CNN,fixed_hyperparameter_transfer,paired_source,test,segment,0.23395635187625885
seg_007388,sample_02561,Troubles I've seen - Malaventura,1,0.5067274570465088,1,cnn_unseen_fixed_20260919T173228Z,udio,Log-Mel CNN,fixed_hyperparameter_transfer,paired_source,test,segment,0.23395635187625885
seg_007389,sample_02562,Troubles I've seen - Malaventura,1,0.2575709223747253,1,cnn_unseen_fixed_20260919T173228Z,udio,Log-Mel CNN,fixed_hyperparameter_transfer,paired_source,test,segment,0.23395635187625885
seg_007390,sample_02562,Troubles I've seen - Malaventura,1,0.3496525287628174,1,cnn_unseen_fixed_20260919T173228Z,udio,Log-Mel CNN,fixed_hyperparameter_transfer,paired_source,test,segment,0.23395635187625885
seg_007391,sample_02562,Troubles I've seen - Malaventura,1,0.6202368140220642,1,cnn_unseen_fixed_20260919T173228Z,udio,Log-Mel CNN,fixed_hyperparameter_transfer,paired_source,test,segment,0.23395635187625885
seg_007428,sample_02575,Attention - Pete Prodoehl,1,0.1890551298856735,0,cnn_unseen_fixed_20260919T173228Z,udio,Log-Mel CNN,fixed_hyperparameter_transfer,paired_source,test,segment,0.23395635187625885
seg_007429,sample_02575,Attention - Pete Prodoehl,1,0.5838103890419006,1,cnn_unseen_fixed_20260919T173228Z,udio,Log-Mel CNN,fixed_hyperparameter_transfer,paired_source,test,segment,0.23395635187625885
seg_007430,sample_02575,Attention - Pete Prodoehl,1,0.2326273471117019,0,cnn_unseen_fixed_20260919T173228Z,udio,Log-Mel CNN,fixed_hyperparameter_transfer,paired_source,test,segment,0.23395635187625885
seg_007431,sample_02576,Attention - Pete Prodoehl,1,0.060453750193119,0,cnn_unseen_fixed_20260919T173228Z,udio,Log-Mel CNN,fixed_hyperparameter_transfer,paired_source,test,segment,0.23395635187625885
seg_007432,sample_02576,Attention - Pete Prodoehl,1,0.1229733750224113,0,cnn_unseen_fixed_20260919T173228Z,udio,Log-Mel CNN,fixed_hyperparameter_transfer,paired_source,test,segment,0.23395635187625885
seg_007433,sample_02576,Attention - Pete Prodoehl,1,0.0155240157619118,0,cnn_unseen_fixed_20260919T173228Z,udio,Log-Mel CNN,fixed_hyperparameter_transfer,paired_source,test,segment,0.23395635187625885
seg_007476,sample_02591,"Head of Ancante, Talking Tree - Ak'chamel, The Giver of Illness",1,0.067571721971035,0,cnn_unseen_fixed_20260919T173228Z,udio,Log-Mel CNN,fixed_hyperparameter_transfer,paired_source,test,segment,0.23395635187625885
seg_007477,sample_02591,"Head of Ancante, Talking Tree - Ak'chamel, The Giver of Illness",1,0.6739271283149719,1,cnn_unseen_fixed_20260919T173228Z,udio,Log-Mel CNN,fixed_hyperparameter_transfer,paired_source,test,segment,0.23395635187625885
seg_007478,sample_02591,"Head of Ancante, Talking Tree - Ak'chamel, The Giver of Illness",1,0.5426645278930664,1,cnn_unseen_fixed_20260919T173228Z,udio,Log-Mel CNN,fixed_hyperparameter_transfer,paired_source,test,segment,0.23395635187625885
seg_007479,sample_02592,"Head of Ancante, Talking Tree - Ak'chamel, The Giver of Illness",1,0.0961808636784553,0,cnn_unseen_fixed_20260919T173228Z,udio,Log-Mel CNN,fixed_hyperparameter_transfer,paired_source,test,segment,0.23395635187625885
seg_007480,sample_02592,"Head of Ancante, Talking Tree - Ak'chamel, The Giver of Illness",1,0.0276921819895505,0,cnn_unseen_fixed_20260919T173228Z,udio,Log-Mel CNN,fixed_hyperparameter_transfer,paired_source,test,segment,0.23395635187625885
seg_007481,sample_02592,"Head of Ancante, Talking Tree - Ak'chamel, The Giver of Illness",1,0.0263726972043514,0,cnn_unseen_fixed_20260919T173228Z,udio,Log-Mel CNN,fixed_hyperparameter_transfer,paired_source,test,segment,0.23395635187625885
seg_007500,sample_02599,I - Inflammator,1,0.144602432847023,0,cnn_unseen_fixed_20260919T173228Z,udio,Log-Mel CNN,fixed_hyperparameter_transfer,paired_source,test,segment,0.23395635187625885
seg_007501,sample_02599,I - Inflammator,1,0.0708005651831626,0,cnn_unseen_fixed_20260919T173228Z,udio,Log-Mel CNN,fixed_hyperparameter_transfer,paired_source,test,segment,0.23395635187625885
seg_007502,sample_02599,I - Inflammator,1,0.3840841352939605,1,cnn_unseen_fixed_20260919T173228Z,udio,Log-Mel CNN,fixed_hyperparameter_transfer,paired_source,test,segment,0.23395635187625885
seg_007503,sample_02600,I - Inflammator,1,0.7682361006736755,1,cnn_unseen_fixed_20260919T173228Z,udio,Log-Mel CNN,fixed_hyperparameter_transfer,paired_source,test,segment,0.23395635187625885
seg_007504,sample_02600,I - Inflammator,1,0.2860357761383056,1,cnn_unseen_fixed_20260919T173228Z,udio,Log-Mel CNN,fixed_hyperparameter_transfer,paired_source,test,segment,0.23395635187625885
seg_007505,sample_02600,I - Inflammator,1,0.3686361610889435,1,cnn_unseen_fixed_20260919T173228Z,udio,Log-Mel CNN,fixed_hyperparameter_transfer,paired_source,test,segment,0.23395635187625885
seg_007518,sample_02605,LIQUID SKULLS - voyageurs,1,0.1636010408401489,0,cnn_unseen_fixed_20260919T173228Z,udio,Log-Mel CNN,fixed_hyperparameter_transfer,paired_source,test,segment,0.23395635187625885
seg_007519,sample_02605,LIQUID SKULLS - voyageurs,1,0.599658727645874,1,cnn_unseen_fixed_20260919T173228Z,udio,Log-Mel CNN,fixed_hyperparameter_transfer,paired_source,test,segment,0.23395635187625885
seg_007520,sample_02605,LIQUID SKULLS - voyageurs,1,0.9692075848579408,1,cnn_unseen_fixed_20260919T173228Z,udio,Log-Mel CNN,fixed_hyperparameter_transfer,paired_source,test,segment,0.23395635187625885
seg_007521,sample_02606,LIQUID SKULLS - voyageurs,1,0.6032856106758118,1,cnn_unseen_fixed_20260919T173228Z,udio,Log-Mel CNN,fixed_hyperparameter_transfer,paired_source,test,segment,0.23395635187625885
seg_007522,sample_02606,LIQUID SKULLS - voyageurs,1,0.747632622718811,1,cnn_unseen_fixed_20260919T173228Z,udio,Log-Mel CNN,fixed_hyperparameter_transfer,paired_source,test,segment,0.23395635187625885
seg_007523,sample_02606,LIQUID SKULLS - voyageurs,1,0.2624052166938782,1,cnn_unseen_fixed_20260919T173228Z,udio,Log-Mel CNN,fixed_hyperparameter_transfer,paired_source,test,segment,0.23395635187625885
seg_007530,sample_02609,Love Dream - The Zombie Dandies,1,0.1726768016815185,0,cnn_unseen_fixed_20260919T173228Z,udio,Log-Mel CNN,fixed_hyperparameter_transfer,paired_source,test,segment,0.23395635187625885
seg_007531,sample_02609,Love Dream - The Zombie Dandies,1,0.7664624452590942,1,cnn_unseen_fixed_20260919T173228Z,udio,Log-Mel CNN,fixed_hyperparameter_transfer,paired_source,test,segment,0.23395635187625885
seg_007532,sample_02609,Love Dream - The Zombie Dandies,1,0.5310333371162415,1,cnn_unseen_fixed_20260919T173228Z,udio,Log-Mel CNN,fixed_hyperparameter_transfer,paired_source,test,segment,0.23395635187625885
seg_007533,sample_02610,Love Dream - The Zombie Dandies,1,0.1973229646682739,0,cnn_unseen_fixed_20260919T173228Z,udio,Log-Mel CNN,fixed_hyperparameter_transfer,paired_source,test,segment,0.23395635187625885
seg_007534,sample_02610,Love Dream - The Zombie Dandies,1,0.0967759564518928,0,cnn_unseen_fixed_20260919T173228Z,udio,Log-Mel CNN,fixed_hyperparameter_transfer,paired_source,test,segment,0.23395635187625885
seg_007535,sample_02610,Love Dream - The Zombie Dandies,1,0.1102970317006111,0,cnn_unseen_fixed_20260919T173228Z,udio,Log-Mel CNN,fixed_hyperparameter_transfer,paired_source,test,segment,0.23395635187625885
seg_007608,sample_02635,Sfogare Il Dissenso - Deiezione HC,1,0.4566083550453186,1,cnn_unseen_fixed_20260919T173228Z,udio,Log-Mel CNN,fixed_hyperparameter_transfer,paired_source,test,segment,0.23395635187625885
seg_007609,sample_02635,Sfogare Il Dissenso - Deiezione HC,1,0.2854697108268738,1,cnn_unseen_fixed_20260919T173228Z,udio,Log-Mel CNN,fixed_hyperparameter_transfer,paired_source,test,segment,0.23395635187625885
seg_007610,sample_02635,Sfogare Il Dissenso - Deiezione HC,1,0.4681470990180969,1,cnn_unseen_fixed_20260919T173228Z,udio,Log-Mel CNN,fixed_hyperparameter_transfer,paired_source,test,segment,0.23395635187625885
seg_007611,sample_02636,Sfogare Il Dissenso - Deiezione HC,1,0.1984869539737701,0,cnn_unseen_fixed_20260919T173228Z,udio,Log-Mel CNN,fixed_hyperparameter_transfer,paired_source,test,segment,0.23395635187625885
seg_007612,sample_02636,Sfogare Il Dissenso - Deiezione HC,1,0.5186974406242371,1,cnn_unseen_fixed_20260919T173228Z,udio,Log-Mel CNN,fixed_hyperparameter_transfer,paired_source,test,segment,0.23395635187625885
seg_007613,sample_02636,Sfogare Il Dissenso - Deiezione HC,1,0.576140284538269,1,cnn_unseen_fixed_20260919T173228Z,udio,Log-Mel CNN,fixed_hyperparameter_transfer,paired_source,test,segment,0.23395635187625885
seg_007632,sample_02643,Stuttgart - Portrayal,1,0.2258050739765167,0,cnn_unseen_fixed_20260919T173228Z,udio,Log-Mel CNN,fixed_hyperparameter_transfer,paired_source,test,segment,0.23395635187625885
seg_007633,sample_02643,Stuttgart - Portrayal,1,0.2473138272762298,1,cnn_unseen_fixed_20260919T173228Z,udio,Log-Mel CNN,fixed_hyperparameter_transfer,paired_source,test,segment,0.23395635187625885
seg_007634,sample_02643,Stuttgart - Portrayal,1,0.4819763302803039,1,cnn_unseen_fixed_20260919T173228Z,udio,Log-Mel CNN,fixed_hyperparameter_transfer,paired_source,test,segment,0.23395635187625885
seg_007635,sample_02644,Stuttgart - Portrayal,1,0.2286252528429031,0,cnn_unseen_fixed_20260919T173228Z,udio,Log-Mel CNN,fixed_hyperparameter_transfer,paired_source,test,segment,0.23395635187625885
seg_007636,sample_02644,Stuttgart - Portrayal,1,0.2745551764965057,1,cnn_unseen_fixed_20260919T173228Z,udio,Log-Mel CNN,fixed_hyperparameter_transfer,paired_source,test,segment,0.23395635187625885
seg_007637,sample_02644,Stuttgart - Portrayal,1,0.841052234172821,1,cnn_unseen_fixed_20260919T173228Z,udio,Log-Mel CNN,fixed_hyperparameter_transfer,paired_source,test,segment,0.23395635187625885
seg_007638,sample_02645,Terve Teille - Чокнутый Пропеллер,1,0.0740165188908577,0,cnn_unseen_fixed_20260919T173228Z,udio,Log-Mel CNN,fixed_hyperparameter_transfer,paired_source,test,segment,0.23395635187625885
seg_007639,sample_02645,Terve Teille - Чокнутый Пропеллер,1,0.0554478354752063,0,cnn_unseen_fixed_20260919T173228Z,udio,Log-Mel CNN,fixed_hyperparameter_transfer,paired_source,test,segment,0.23395635187625885
seg_007640,sample_02645,Terve Teille - Чокнутый Пропеллер,1,0.0868179723620414,0,cnn_unseen_fixed_20260919T173228Z,udio,Log-Mel CNN,fixed_hyperparameter_transfer,paired_source,test,segment,0.23395635187625885
seg_007641,sample_02646,Terve Teille - Чокнутый Пропеллер,1,0.6273399591445923,1,cnn_unseen_fixed_20260919T173228Z,udio,Log-Mel CNN,fixed_hyperparameter_transfer,paired_source,test,segment,0.23395635187625885
seg_007642,sample_02646,Terve Teille - Чокнутый Пропеллер,1,0.4855201244354248,1,cnn_unseen_fixed_20260919T173228Z,udio,Log-Mel CNN,fixed_hyperparameter_transfer,paired_source,test,segment,0.23395635187625885
seg_007643,sample_02646,Terve Teille - Чокнутый Пропеллер,1,0.2030864506959915,0,cnn_unseen_fixed_20260919T173228Z,udio,Log-Mel CNN,fixed_hyperparameter_transfer,paired_source,test,segment,0.23395635187625885
seg_007680,sample_02659,Where Is Everything - The Moi Non Plus,1,0.3335499167442322,1,cnn_unseen_fixed_20260919T173228Z,udio,Log-Mel CNN,fixed_hyperparameter_transfer,paired_source,test,segment,0.23395635187625885
seg_007681,sample_02659,Where Is Everything - The Moi Non Plus,1,0.1259999424219131,0,cnn_unseen_fixed_20260919T173228Z,udio,Log-Mel CNN,fixed_hyperparameter_transfer,paired_source,test,segment,0.23395635187625885
seg_007682,sample_02659,Where Is Everything - The Moi Non Plus,1,0.3166017830371856,1,cnn_unseen_fixed_20260919T173228Z,udio,Log-Mel CNN,fixed_hyperparameter_transfer,paired_source,test,segment,0.23395635187625885
seg_007683,sample_02660,Where Is Everything - The Moi Non Plus,1,0.3854246139526367,1,cnn_unseen_fixed_20260919T173228Z,udio,Log-Mel CNN,fixed_hyperparameter_transfer,paired_source,test,segment,0.23395635187625885
seg_007684,sample_02660,Where Is Everything - The Moi Non Plus,1,0.8442770838737488,1,cnn_unseen_fixed_20260919T173228Z,udio,Log-Mel CNN,fixed_hyperparameter_transfer,paired_source,test,segment,0.23395635187625885
seg_007685,sample_02660,Where Is Everything - The Moi Non Plus,1,0.3520486950874328,1,cnn_unseen_fixed_20260919T173228Z,udio,Log-Mel CNN,fixed_hyperparameter_transfer,paired_source,test,segment,0.23395635187625885
seg_007686,sample_02661,Who Loves You Dear - Mink Lungs,1,0.0941312909126281,0,cnn_unseen_fixed_20260919T173228Z,udio,Log-Mel CNN,fixed_hyperparameter_transfer,paired_source,test,segment,0.23395635187625885
seg_007687,sample_02661,Who Loves You Dear - Mink Lungs,1,0.1484237611293792,0,cnn_unseen_fixed_20260919T173228Z,udio,Log-Mel CNN,fixed_hyperparameter_transfer,paired_source,test,segment,0.23395635187625885
seg_007688,sample_02661,Who Loves You Dear - Mink Lungs,1,0.1749388128519058,0,cnn_unseen_fixed_20260919T173228Z,udio,Log-Mel CNN,fixed_hyperparameter_transfer,paired_source,test,segment,0.23395635187625885
seg_007689,sample_02662,Who Loves You Dear - Mink Lungs,1,0.3441406190395355,1,cnn_unseen_fixed_20260919T173228Z,udio,Log-Mel CNN,fixed_hyperparameter_transfer,paired_source,test,segment,0.23395635187625885
seg_007690,sample_02662,Who Loves You Dear - Mink Lungs,1,0.0423944666981697,0,cnn_unseen_fixed_20260919T173228Z,udio,Log-Mel CNN,fixed_hyperparameter_transfer,paired_source,test,segment,0.23395635187625885
seg_007691,sample_02662,Who Loves You Dear - Mink Lungs,1,0.4521790742874145,1,cnn_unseen_fixed_20260919T173228Z,udio,Log-Mel CNN,fixed_hyperparameter_transfer,paired_source,test,segment,0.23395635187625885
