run_id,holdout_generator,model,candidate_order,C,gamma,layer,train_segments,val_segments,val_segment_auc,val_segment_eer,track_roc_auc,track_eer,val_track_macro_f1,fit_seconds,val_inference_seconds,warnings
unseen_classical_mert_20260919T171142Z,musicgen,LogisticRegression,0,0.01,,,6352,1409,0.9206592154908522,0.1628817541111981,0.9672004132231404,0.09090909090909091,0.7965142944503898,0.21956291690003127,0.001382665941491723,[]
unseen_classical_mert_20260919T171142Z,musicgen,LogisticRegression,1,0.1,,,6352,1409,0.9245449799482688,0.1456538762725137,0.9683367768595041,0.1045454545454545,0.7719322560079829,0.5092246250715107,0.0015350000467151403,[]
unseen_classical_mert_20260919T171142Z,musicgen,LogisticRegression,2,1.0,,,6352,1409,0.922290643316485,0.14408770555990602,0.9674070247933884,0.11363636363636365,0.76029895097024,1.2028501250315458,0.001227749977260828,[]
unseen_classical_mert_20260919T171142Z,musicgen,LogisticRegression,3,10.0,,,6352,1409,0.9202142806293158,0.14393939393939395,0.9651342975206612,0.11363636363636365,0.76029895097024,1.260100582963787,0.0023574589285999537,[]
unseen_classical_mert_20260919T171142Z,musicgen,LogisticRegression,4,100.0,,,6352,1409,0.9195439121046012,0.14393939393939395,0.9645144628099173,0.11363636363636363,0.76029895097024,1.2304825000464916,0.0012486249906942248,[]
unseen_classical_mert_20260919T171142Z,musicgen,RBF-SVM,0,0.1,scale,,6352,1409,0.9098799269120333,0.17854346123727483,0.9605371900826447,0.11363636363636363,0.76029895097024,1.3606004999019206,0.4542357079917565,[]
unseen_classical_mert_20260919T171142Z,musicgen,RBF-SVM,1,0.1,0.001,,6352,1409,0.902624522436582,0.18480814408770552,0.9523760330578513,0.09772727272727277,0.7870177048320803,1.3897116660373285,0.4841933749848977,[]
unseen_classical_mert_20260919T171142Z,musicgen,RBF-SVM,2,0.1,0.01,,6352,1409,0.8598277212216132,0.2380579483163665,0.8925619834710744,0.24318181818181817,0.6040927240461402,1.544310792000033,0.5429261670215055,[]
unseen_classical_mert_20260919T171142Z,musicgen,RBF-SVM,3,0.1,0.1,,6352,1409,0.8652915213212785,0.20454545454545456,0.8944473140495868,0.17272727272727273,0.6790450928381964,1.7561648749979213,0.6883552089566365,[]
unseen_classical_mert_20260919T171142Z,musicgen,RBF-SVM,4,1.0,scale,,6352,1409,0.9425500106784367,0.14173844949099457,0.981404958677686,0.06818181818181818,0.8371782455782659,0.7192416249308735,0.2657310829963535,[]
unseen_classical_mert_20260919T171142Z,musicgen,RBF-SVM,5,1.0,0.001,,6352,1409,0.9264315037611828,0.16131558339859042,0.971797520661157,0.0840909090909091,0.8063754427390791,0.8382970420643687,0.2890847089001909,[]
unseen_classical_mert_20260919T171142Z,musicgen,RBF-SVM,6,1.0,0.01,,6352,1409,0.9369853586768231,0.14878621769772904,0.977840909090909,0.1045454545454545,0.7719322560079829,1.1505619999952614,0.3852597919758409,[]
unseen_classical_mert_20260919T171142Z,musicgen,RBF-SVM,7,1.0,0.1,,6352,1409,0.8654101706176882,0.20454545454545456,0.8956095041322314,0.17045454545454541,0.6866868763420487,1.9128953750478104,0.7389015830121934,[]
unseen_classical_mert_20260919T171142Z,musicgen,RBF-SVM,8,10.0,scale,,6352,1409,0.9490460596568662,0.13547376664056388,0.9860020661157024,0.06818181818181818,0.8371782455782659,0.6330544160446152,0.20639395900070667,[]
unseen_classical_mert_20260919T171142Z,musicgen,RBF-SVM,9,10.0,0.001,,6352,1409,0.9387769630526092,0.13234142521534842,0.9742768595041322,0.05909090909090908,0.8524498827882725,0.5378628330072388,0.16945895901881158,[]
unseen_classical_mert_20260919T171142Z,musicgen,RBF-SVM,10,10.0,0.01,,6352,1409,0.9405092427801904,0.15151515151515152,0.9840392561983471,0.06818181818181823,0.8371782455782659,1.4958109579747543,0.5590701249893755,[]
unseen_classical_mert_20260919T171142Z,musicgen,RBF-SVM,11,10.0,0.1,,6352,1409,0.8654131368500985,0.20454545454545456,0.8956353305785124,0.17045454545454541,0.6866868763420487,2.0322587919654325,0.6945035830140114,[]
unseen_classical_mert_20260919T171142Z,musicgen,RBF-SVM,12,100.0,scale,,6352,1409,0.9490401271920458,0.13625685199686766,0.9862086776859503,0.06818181818181818,0.8371782455782659,0.734459292027168,0.22860529203899205,[]
unseen_classical_mert_20260919T171142Z,musicgen,RBF-SVM,13,100.0,0.001,,6352,1409,0.9392634251678887,0.13636363636363635,0.9759814049586776,0.07727272727272727,0.8227474735477229,0.48427449993323535,0.13371054199524224,[]
unseen_classical_mert_20260919T171142Z,musicgen,RBF-SVM,14,100.0,0.01,,6352,1409,0.9405092427801904,0.15151515151515152,0.9840392561983471,0.06818181818181823,0.8371782455782659,1.4916302500059828,0.4163570830132812,[]
unseen_classical_mert_20260919T171142Z,musicgen,RBF-SVM,15,100.0,0.1,,6352,1409,0.8654131368500985,0.20454545454545456,0.8956353305785124,0.17045454545454541,0.6866868763420487,1.9055245409253985,0.6961319999536499,[]
unseen_classical_mert_20260919T171142Z,musicgen,Frozen MERT + LR,0,0.01,,0.0,6352,1409,0.9117545857953061,0.1893939393939394,0.9384814049586777,0.13636363636363635,0.727654059952938,0.5429997500032187,0.005193292046897113,[]
unseen_classical_mert_20260919T171142Z,musicgen,Frozen MERT + LR,1,0.1,,0.0,6352,1409,0.9233050948007878,0.15974941268598275,0.9375516528925619,0.13636363636363635,0.727654059952938,1.107234291965142,0.005214915960095823,[]
unseen_classical_mert_20260919T171142Z,musicgen,Frozen MERT + LR,2,1.0,,0.0,6352,1409,0.9238983412828362,0.15151515151515152,0.9289772727272726,0.13636363636363635,0.727654059952938,2.341862542089075,0.005707749980501831,[]
unseen_classical_mert_20260919T171142Z,musicgen,Frozen MERT + LR,3,10.0,,0.0,6352,1409,0.9121401960086377,0.1691464369616288,0.9063016528925619,0.17272727272727273,0.6790450928381964,4.768771708011627,0.01945816690567881,[]
unseen_classical_mert_20260919T171142Z,musicgen,Frozen MERT + LR,4,100.0,,0.0,6352,1409,0.9080408628176836,0.18181818181818182,0.8996384297520661,0.18181818181818182,0.6705445544554456,7.415514916996472,0.005563374958001077,[]
unseen_classical_mert_20260919T171142Z,musicgen,Frozen MERT + LR,5,0.01,,1.0,6352,1409,0.9403075389762938,0.13703993735317155,0.9573863636363636,0.11590909090909096,0.7574716346325925,0.8953376669669524,0.004837292013689876,[]
unseen_classical_mert_20260919T171142Z,musicgen,Frozen MERT + LR,6,0.1,,1.0,6352,1409,0.9382252438243041,0.15151515151515152,0.9477272727272728,0.11363636363636363,0.76029895097024,1.6546879999805242,0.0056610420579090714,[]
unseen_classical_mert_20260919T171142Z,musicgen,Frozen MERT + LR,7,1.0,,1.0,6352,1409,0.9258204598846728,0.15151515151515152,0.937396694214876,0.13636363636363635,0.727654059952938,3.406256916001439,0.0014119999250397086,[]
unseen_classical_mert_20260919T171142Z,musicgen,Frozen MERT + LR,8,10.0,,1.0,6352,1409,0.9111435419187964,0.1590909090909091,0.9265495867768595,0.13636363636363635,0.727654059952938,4.423665334004909,0.003276375005953014,[]
unseen_classical_mert_20260919T171142Z,musicgen,Frozen MERT + LR,9,100.0,,1.0,6352,1409,0.8951229206710805,0.16666666666666666,0.9211002066115703,0.13636363636363635,0.727654059952938,4.20564837497659,0.009919999982230365,[]
unseen_classical_mert_20260919T171142Z,musicgen,Frozen MERT + LR,10,0.01,,2.0,6352,1409,0.937904890723998,0.14393939393939395,0.9580061983471074,0.10681818181818181,0.7689737470167064,1.215093499980867,0.004174583009444177,[]
unseen_classical_mert_20260919T171142Z,musicgen,Frozen MERT + LR,11,0.1,,2.0,6352,1409,0.9367243302247217,0.14393939393939395,0.9511363636363637,0.11363636363636363,0.76029895097024,2.0402527500409633,0.0032702500466257334,[]
unseen_classical_mert_20260919T171142Z,musicgen,Frozen MERT + LR,12,1.0,,2.0,6352,1409,0.9301630241332669,0.15583398590446362,0.9477789256198347,0.11363636363636363,0.76029895097024,2.3307177079841495,0.010475624934770167,[]
unseen_classical_mert_20260919T171142Z,musicgen,Frozen MERT + LR,13,10.0,,2.0,6352,1409,0.9312545976602358,0.14956930305403293,0.9475723140495868,0.11363636363636363,0.76029895097024,3.082780083990656,0.002248832955956459,[]
unseen_classical_mert_20260919T171142Z,musicgen,Frozen MERT + LR,14,100.0,,2.0,6352,1409,0.9029834365582212,0.1566170712607674,0.9303202479338842,0.11363636363636363,0.76029895097024,1.7755599999800324,0.007755583035759628,[]
unseen_classical_mert_20260919T171142Z,musicgen,Frozen MERT + LR,15,0.01,,3.0,6352,1409,0.9357751358534444,0.12451057165231005,0.9539256198347107,0.11363636363636363,0.76029895097024,0.6608784580603242,0.003269792068749666,[]
unseen_classical_mert_20260919T171142Z,musicgen,Frozen MERT + LR,16,0.1,,3.0,6352,1409,0.9360005695166228,0.13636363636363635,0.9476756198347107,0.09545454545454546,0.7901444029710063,1.1998248329618946,0.0026857079938054085,[]
unseen_classical_mert_20260919T171142Z,musicgen,Frozen MERT + LR,17,1.0,,3.0,6352,1409,0.9308333926579815,0.15348472983555206,0.9431301652892562,0.11136363636363633,0.7631578947368421,1.9283515000715852,0.0026640829164534807,[]
unseen_classical_mert_20260919T171142Z,musicgen,Frozen MERT + LR,18,10.0,,3.0,6352,1409,0.9227949028262262,0.16131558339859042,0.9370351239669422,0.13636363636363635,0.727654059952938,1.8736511670285836,0.0017725840443745255,[]
unseen_classical_mert_20260919T171142Z,musicgen,Frozen MERT + LR,19,100.0,,3.0,6352,1409,0.9026571509930946,0.1738449490994518,0.9228822314049586,0.15454545454545454,0.702534601863461,1.3963647090131417,0.013885250082239509,[]
unseen_classical_mert_20260919T171142Z,musicgen,Frozen MERT + LR,20,0.01,,4.0,6352,1409,0.9518224531928525,0.09848484848484848,0.9696797520661157,0.054545454545454564,0.8666666666666667,1.3390749170212075,0.04313225008081645,[]
unseen_classical_mert_20260919T171142Z,musicgen,Frozen MERT + LR,21,0.1,,4.0,6352,1409,0.9456586222443701,0.1041503523884103,0.9605371900826447,0.08181818181818179,0.809748427672956,1.4216360000427812,0.0022052499698475003,[]
unseen_classical_mert_20260919T171142Z,musicgen,Frozen MERT + LR,22,1.0,,4.0,6352,1409,0.937376901354975,0.12059514487079093,0.9425619834710744,0.13181818181818183,0.7327812284334023,1.719714584061876,0.008676709025166929,[]
unseen_classical_mert_20260919T171142Z,musicgen,Frozen MERT + LR,23,10.0,,4.0,6352,1409,0.9323580361168459,0.11746280344557558,0.9356921487603305,0.13636363636363635,0.727654059952938,1.657254834077321,0.008864833042025566,[]
unseen_classical_mert_20260919T171142Z,musicgen,Frozen MERT + LR,24,100.0,,4.0,6352,1409,0.939954557319475,0.110415035238841,0.9411673553719008,0.11136363636363633,0.7631578947368421,1.185181666049175,0.00575845898129046,[]
unseen_classical_mert_20260919T171142Z,musicgen,Frozen MERT + LR,25,0.01,,5.0,6352,1409,0.9561294226525237,0.10728269381362565,0.9791322314049586,0.06818181818181818,0.8371782455782659,0.5865863329963759,0.009150292025879025,[]
unseen_classical_mert_20260919T171142Z,musicgen,Frozen MERT + LR,26,0.1,,5.0,6352,1409,0.9503749317766546,0.11363636363636363,0.9695247933884299,0.09318181818181814,0.7933096085409252,1.1557208340382203,0.004505916964262724,[]
unseen_classical_mert_20260919T171142Z,musicgen,Frozen MERT + LR,27,1.0,,5.0,6352,1409,0.9439263425167889,0.12121212121212122,0.9598657024793389,0.11363636363636363,0.76029895097024,1.6833889579866081,0.0027596669970080256,[]
unseen_classical_mert_20260919T171142Z,musicgen,Frozen MERT + LR,28,10.0,,5.0,6352,1409,0.9433330960347405,0.1401722787783869,0.9558884297520661,0.11363636363636363,0.76029895097024,1.3881877079838887,0.003714333986863494,[]
unseen_classical_mert_20260919T171142Z,musicgen,Frozen MERT + LR,29,100.0,,5.0,6352,1409,0.9189506656225528,0.1331245105716523,0.9397210743801654,0.13636363636363635,0.727654059952938,0.8155968750361353,0.008613000041805208,[]
unseen_classical_mert_20260919T171142Z,musicgen,Frozen MERT + LR,30,0.01,,6.0,6352,1409,0.9652772834057094,0.09090909090909091,0.9818181818181817,0.06818181818181818,0.8371782455782659,0.7209073329577222,0.004496959038078785,[]
unseen_classical_mert_20260919T171142Z,musicgen,Frozen MERT + LR,31,0.1,,6.0,6352,1409,0.9669502384850858,0.08333333333333333,0.9846590909090909,0.06818181818181818,0.8371782455782659,1.019110249937512,0.007505167042836547,[]
unseen_classical_mert_20260919T171142Z,musicgen,Frozen MERT + LR,32,1.0,,6.0,6352,1409,0.9632543129019245,0.08333333333333333,0.9806301652892562,0.09090909090909091,0.7965142944503898,1.1560169169679284,0.004240875015966594,[]
unseen_classical_mert_20260919T171142Z,musicgen,Frozen MERT + LR,33,10.0,,6.0,6352,1409,0.9581879879452315,0.09848484848484848,0.9707644628099172,0.09999999999999998,0.7839285714285714,1.1399817920755595,0.15956758300308138,[]
unseen_classical_mert_20260919T171142Z,musicgen,Frozen MERT + LR,34,100.0,,6.0,6352,1409,0.9516830402695712,0.10606060606060606,0.9694473140495867,0.09545454545454546,0.7901444029710063,1.2530479590641335,0.01669604203198105,[]
unseen_classical_mert_20260919T171142Z,musicgen,Frozen MERT + LR,35,0.01,,7.0,6352,1409,0.9678638380674403,0.09848484848484848,0.978150826446281,0.06818181818181818,0.8371782455782659,1.067246500053443,0.0032675829716026783,[]
unseen_classical_mert_20260919T171142Z,musicgen,Frozen MERT + LR,36,0.1,,7.0,6352,1409,0.9680655418713368,0.10606060606060606,0.9750516528925621,0.09090909090909091,0.7965142944503898,1.5170040410012007,0.0038883750094100833,[]
unseen_classical_mert_20260919T171142Z,musicgen,Frozen MERT + LR,37,1.0,,7.0,6352,1409,0.9626076742364916,0.10606060606060606,0.9714359504132232,0.11363636363636363,0.76029895097024,2.0751910000108182,0.007864583982154727,[]
unseen_classical_mert_20260919T171142Z,musicgen,Frozen MERT + LR,38,10.0,,7.0,6352,1409,0.961077098312807,0.11746280344557558,0.9678202479338842,0.11363636363636363,0.76029895097024,1.3697840840322897,0.006525457953102887,[]
unseen_classical_mert_20260919T171142Z,musicgen,Frozen MERT + LR,39,100.0,,7.0,6352,1409,0.9482095821171781,0.11363636363636363,0.9631198347107438,0.13636363636363635,0.727654059952938,0.9129872500197962,0.010061667067930102,[]
unseen_classical_mert_20260919T171142Z,musicgen,Frozen MERT + LR,40,0.01,,8.0,6352,1409,0.965995111648988,0.07830853563038376,0.9763429752066116,0.0636363636363636,0.8447032034363194,0.8889795419527218,0.005217624944634736,[]
unseen_classical_mert_20260919T171142Z,musicgen,Frozen MERT + LR,41,0.1,,8.0,6352,1409,0.963420421916898,0.09848484848484848,0.9711260330578512,0.09090909090909091,0.7965142944503898,1.3777256249450147,0.0044241249561309814,[]
unseen_classical_mert_20260919T171142Z,musicgen,Frozen MERT + LR,42,1.0,,8.0,6352,1409,0.9536259224982796,0.12607674236491773,0.9554752066115703,0.11590909090909096,0.7574716346325925,1.855360958026722,0.0045120419235900044,[]
unseen_classical_mert_20260919T171142Z,musicgen,Frozen MERT + LR,43,10.0,,8.0,6352,1409,0.9497816852946062,0.12121212121212122,0.9557334710743801,0.11818181818181817,0.7546752034146992,1.3704685419797897,0.012995125027373433,[]
unseen_classical_mert_20260919T171142Z,musicgen,Frozen MERT + LR,44,100.0,,8.0,6352,1409,0.9366056809283121,0.11354737666405634,0.9575413223140496,0.11363636363636363,0.76029895097024,0.9813009590143338,0.0034958330215886235,[]
unseen_classical_mert_20260919T171142Z,musicgen,Frozen MERT + LR,45,0.01,,9.0,6352,1409,0.9713639923115256,0.08927173061863747,0.9824380165289255,0.04772727272727273,0.8791668023489314,0.746814249898307,0.008309708093293011,[]
unseen_classical_mert_20260919T171142Z,musicgen,Frozen MERT + LR,46,0.1,,9.0,6352,1409,0.9661908829880638,0.09090909090909091,0.9739669421487602,0.06818181818181818,0.8371782455782659,1.1923657499719411,0.0089267089497298,[]
unseen_classical_mert_20260919T171142Z,musicgen,Frozen MERT + LR,47,1.0,,9.0,6352,1409,0.9546344415177619,0.09848484848484848,0.9631714876033057,0.07045454545454544,0.8334952242188765,1.9511702089803293,0.00792470807209611,[]
unseen_classical_mert_20260919T171142Z,musicgen,Frozen MERT + LR,48,10.0,,9.0,6352,1409,0.9485595975415866,0.11363636363636363,0.9565599173553718,0.07954545454545459,0.8131662559016539,1.4741054159821942,0.006637332960963249,[]
unseen_classical_mert_20260919T171142Z,musicgen,Frozen MERT + LR,49,100.0,,9.0,6352,1409,0.9314978287178757,0.11746280344557558,0.9536157024793388,0.09090909090909091,0.7965142944503898,1.026281166006811,0.003590208012610674,[]
unseen_classical_mert_20260919T171142Z,musicgen,Frozen MERT + LR,50,0.01,,10.0,6352,1409,0.9625780119123893,0.11433046202036024,0.9778925619834711,0.09090909090909091,0.7965142944503898,0.8021268750308082,0.007585334009490907,[]
unseen_classical_mert_20260919T171142Z,musicgen,Frozen MERT + LR,51,0.1,,10.0,6352,1409,0.9612669371870625,0.12878787878787878,0.9685433884297521,0.09545454545454546,0.7901444029710063,1.2025625000242144,0.0061510829254984856,[]
unseen_classical_mert_20260919T171142Z,musicgen,Frozen MERT + LR,52,1.0,,10.0,6352,1409,0.9585617332289219,0.12685982772122162,0.9635847107438016,0.11363636363636363,0.76029895097024,1.882669375045225,0.0040146250976249576,[]
unseen_classical_mert_20260919T171142Z,musicgen,Frozen MERT + LR,53,10.0,,10.0,6352,1409,0.9565980873733418,0.12121212121212122,0.9633780991735537,0.11363636363636363,0.76029895097024,1.6462079579941928,0.01668849994894117,[]
unseen_classical_mert_20260919T171142Z,musicgen,Frozen MERT + LR,54,100.0,,10.0,6352,1409,0.9081120523955293,0.1456538762725137,0.9445247933884297,0.11363636363636363,0.76029895097024,1.0952976250555366,0.009934792062267661,[]
unseen_classical_mert_20260919T171142Z,musicgen,Frozen MERT + LR,55,0.01,,11.0,6352,1409,0.9619076433876746,0.0986687548942835,0.981353305785124,0.06818181818181818,0.8371782455782659,0.7669433330884203,0.01059141696896404,[]
unseen_classical_mert_20260919T171142Z,musicgen,Frozen MERT + LR,56,0.1,,11.0,6352,1409,0.9557378799743718,0.11119812059514489,0.9707128099173553,0.11363636363636363,0.76029895097024,1.3030457081040367,0.008130125002935529,[]
unseen_classical_mert_20260919T171142Z,musicgen,Frozen MERT + LR,57,1.0,,11.0,6352,1409,0.9461450843596497,0.1276429130775254,0.959452479338843,0.11363636363636365,0.76029895097024,2.171222500037402,0.0064015419920906425,[]
unseen_classical_mert_20260919T171142Z,musicgen,Frozen MERT + LR,58,10.0,,11.0,6352,1409,0.9367361951543626,0.14393939393939395,0.9491219008264462,0.13181818181818183,0.7327812284334023,2.437237292062491,0.0052067500073462725,[]
unseen_classical_mert_20260919T171142Z,musicgen,Frozen MERT + LR,59,100.0,,11.0,6352,1409,0.9276713889086636,0.14408770555990602,0.9448863636363636,0.13636363636363635,0.727654059952938,1.125275707920082,0.005727541982196271,[]
unseen_classical_mert_20260919T171142Z,musicgen,Frozen MERT + LR,60,0.01,,12.0,6352,1409,0.9550319166607343,0.110415035238841,0.9720557851239671,0.08863636363636362,0.7997594650502717,0.6310706249205396,0.011925625032745302,[]
unseen_classical_mert_20260919T171142Z,musicgen,Frozen MERT + LR,61,0.1,,12.0,6352,1409,0.9462933959801618,0.12121212121212122,0.9602789256198347,0.09545454545454546,0.7901444029710063,1.3714788750512525,0.011429165955632925,[]
unseen_classical_mert_20260919T171142Z,musicgen,Frozen MERT + LR,62,1.0,,12.0,6352,1409,0.9356327566977527,0.12878787878787878,0.9474690082644628,0.12727272727272732,0.7380129212502182,2.22228837502189,0.002817500033415854,[]
unseen_classical_mert_20260919T171142Z,musicgen,Frozen MERT + LR,63,10.0,,12.0,6352,1409,0.9307117771291615,0.15348472983555206,0.9383780991735537,0.1590909090909091,0.6979094895717656,2.7247644159942865,0.0029189169872552156,[]
unseen_classical_mert_20260919T171142Z,musicgen,Frozen MERT + LR,64,100.0,,12.0,6352,1409,0.9080141667259913,0.12920908379013307,0.9361828512396694,0.12272727272727268,0.7491721345314325,1.2220830420264974,0.005274791968986392,[]
unseen_classical_mert_20260919T171142Z,udio,LogisticRegression,0,0.01,,,6355,1394,0.9154180473514864,0.16798732171156894,0.959508881922675,0.10804597701149421,0.7685990338164251,0.4125870829448104,0.011452959035523236,[]
unseen_classical_mert_20260919T171142Z,udio,LogisticRegression,1,0.1,,,6355,1394,0.9166246458243288,0.15151515151515152,0.9610762800417972,0.11264367816091958,0.7627668941228263,0.9159547080053017,0.0017505839932709932,[]
unseen_classical_mert_20260919T171142Z,udio,LogisticRegression,2,1.0,,,6355,1394,0.9147156989866974,0.15151515151515152,0.959926854754441,0.12873563218390804,0.7375574407917993,1.6633227090351284,0.0038564170245081186,[]
unseen_classical_mert_20260919T171142Z,udio,LogisticRegression,3,10.0,,,6355,1394,0.9128007491715892,0.150554675118859,0.9589341692789969,0.12643678160919536,0.7402224454777422,2.0125517919659615,0.0038614579243585467,[]
unseen_classical_mert_20260919T171142Z,udio,LogisticRegression,4,100.0,,,6355,1394,0.912206454401383,0.15151515151515152,0.958307210031348,0.1218390804597701,0.7514849005295549,2.566975041059777,0.002335791941732168,[]
unseen_classical_mert_20260919T171142Z,udio,RBF-SVM,0,0.1,scale,,6355,1394,0.9068638044470058,0.1838351822503962,0.956269592476489,0.12873563218390804,0.7375574407917993,2.4730429579503834,0.6441098330542445,[]
unseen_classical_mert_20260919T171142Z,udio,RBF-SVM,1,0.1,0.001,,6355,1394,0.9019473658934831,0.17424242424242425,0.9499477533960292,0.11363636363636363,0.7627668941228263,2.5294069580268115,0.7611890839179978,[]
unseen_classical_mert_20260919T171142Z,udio,RBF-SVM,2,0.1,0.01,,6355,1394,0.8616433751140566,0.23851030110935023,0.8948275862068966,0.25,0.5996991475848237,2.9796932499157265,0.7803777499357238,[]
unseen_classical_mert_20260919T171142Z,udio,RBF-SVM,3,0.1,0.1,,6355,1394,0.8741415742208136,0.1887816646562123,0.9037878787878788,0.14252873563218393,0.7221198471198471,3.4155414999695495,1.0606317500350997,[]
unseen_classical_mert_20260919T171142Z,udio,RBF-SVM,4,1.0,scale,,6355,1394,0.9400122460740528,0.13636363636363635,0.9788401253918495,0.06818181818181818,0.83694878539378,1.2875025420216843,0.43580774997826666,[]
unseen_classical_mert_20260919T171142Z,udio,RBF-SVM,5,1.0,0.001,,6355,1394,0.9237381741343708,0.1727416798732171,0.9667189132706374,0.09090909090909091,0.7962017482787963,1.7568810830125585,0.4513991669518873,[]
unseen_classical_mert_20260919T171142Z,udio,RBF-SVM,6,1.0,0.01,,6355,1394,0.9378631801373482,0.1590909090909091,0.9792580982236154,0.08965517241379306,0.7994547490385083,2.01045649999287,0.5645975000225008,[]
unseen_classical_mert_20260919T171142Z,udio,RBF-SVM,7,1.0,0.1,,6355,1394,0.8748619315180329,0.187797147385103,0.9039968652037618,0.14252873563218393,0.7221198471198471,3.370593292056583,1.099211624939926,[]
unseen_classical_mert_20260919T171142Z,udio,RBF-SVM,8,10.0,scale,,6355,1394,0.9468736493300677,0.12121212121212122,0.9814524555903867,0.06818181818181818,0.83694878539378,1.1738636250374839,0.3125399579294026,[]
unseen_classical_mert_20260919T171142Z,udio,RBF-SVM,9,10.0,0.001,,6355,1394,0.9335290303990779,0.12123613312202852,0.9697492163009404,0.06818181818181818,0.83694878539378,0.9570116660324857,0.2419277090812102,[]
unseen_classical_mert_20260919T171142Z,udio,RBF-SVM,10,10.0,0.01,,6355,1394,0.9420112375738366,0.14393939393939395,0.9840125391849529,0.05977011494252871,0.8522501249773977,2.647936125053093,0.5669506249250844,[]
unseen_classical_mert_20260919T171142Z,udio,RBF-SVM,11,10.0,0.1,,6355,1394,0.8748529270518177,0.187797147385103,0.9039707419017764,0.14252873563218393,0.7221198471198471,4.319315916975029,1.114171375054866,[]
unseen_classical_mert_20260919T171142Z,udio,RBF-SVM,12,100.0,scale,,6355,1394,0.9469396820823128,0.12878787878787878,0.9819226750261234,0.06818181818181818,0.83694878539378,1.235792167019099,0.3459433749085292,[]
unseen_classical_mert_20260919T171142Z,udio,RBF-SVM,13,100.0,0.001,,6355,1394,0.9352578879124045,0.1299524564183835,0.9707419017763845,0.05747126436781613,0.8562178387650086,0.8637082090135664,0.20090895891189575,[]
unseen_classical_mert_20260919T171142Z,udio,RBF-SVM,14,100.0,0.01,,6355,1394,0.9420112375738366,0.14393939393939395,0.9840125391849529,0.05977011494252871,0.8522501249773977,3.005195749923587,0.5541179589927197,[]
unseen_classical_mert_20260919T171142Z,udio,RBF-SVM,15,100.0,0.1,,6355,1394,0.8748529270518177,0.187797147385103,0.9039707419017764,0.14252873563218393,0.7221198471198471,3.597142666927539,1.2210667500039563,[]
unseen_classical_mert_20260919T171142Z,udio,Frozen MERT + LR,0,0.01,,0.0,6355,1394,0.9143795322479951,0.1782884310618067,0.9400208986415883,0.13636363636363635,0.7297238643367449,1.0514705419773236,0.00660783308558166,[]
unseen_classical_mert_20260919T171142Z,udio,Frozen MERT + LR,1,0.1,,0.0,6355,1394,0.9251308649089949,0.16666666666666666,0.9386102403343782,0.1701149425287356,0.6882738119149963,2.664161124965176,0.003334583016112447,[]
unseen_classical_mert_20260919T171142Z,udio,Frozen MERT + LR,2,1.0,,0.0,6355,1394,0.9299812707102723,0.15151515151515152,0.932183908045977,0.13636363636363635,0.7297238643367449,5.122847082908265,0.0026106250006705523,[]
unseen_classical_mert_20260919T171142Z,udio,Frozen MERT + LR,3,10.0,,0.0,6355,1394,0.9240683378955963,0.1600633914421553,0.9223092998955069,0.16551724137931034,0.6927617423781106,7.810350375017151,0.003427125047892332,[]
unseen_classical_mert_20260919T171142Z,udio,Frozen MERT + LR,4,100.0,,0.0,6355,1394,0.9188097296258946,0.17424242424242425,0.9143155694879832,0.18181818181818182,0.671972040522351,9.555865500005893,0.004031750024296343,[]
unseen_classical_mert_20260919T171142Z,udio,Frozen MERT + LR,5,0.01,,1.0,6355,1394,0.9443463958123229,0.12878787878787878,0.9642633228840125,0.10114942528735638,0.7835843373493976,0.8435002920450643,0.004185790894553065,[]
unseen_classical_mert_20260919T171142Z,udio,Frozen MERT + LR,6,0.1,,1.0,6355,1394,0.941747106564856,0.1354992076069731,0.9538140020898642,0.12413793103448278,0.7487397423473243,1.9349350839620456,0.008736334042623639,[]
unseen_classical_mert_20260919T171142Z,udio,Frozen MERT + LR,7,1.0,,1.0,6355,1394,0.9327966671469049,0.1410459587955626,0.9464994775339602,0.11363636363636363,0.7627668941228263,3.2989407079294324,0.007196667022071779,[]
unseen_classical_mert_20260919T171142Z,udio,Frozen MERT + LR,8,10.0,,1.0,6355,1394,0.9213039667675167,0.14738510301109353,0.938662486938349,0.11363636363636363,0.7627668941228263,4.986711208010092,0.006128791021183133,[]
unseen_classical_mert_20260919T171142Z,udio,Frozen MERT + LR,9,100.0,,1.0,6355,1394,0.9107747442731594,0.15530903328050716,0.9398641588296761,0.11363636363636363,0.7627668941228263,3.569965999922715,0.006139292032457888,[]
unseen_classical_mert_20260919T171142Z,udio,Frozen MERT + LR,10,0.01,,2.0,6355,1394,0.9432658598664937,0.13074484944532483,0.9630616509926855,0.09195402298850575,0.7962017482787963,0.9575419160537422,0.006451666937209666,[]
unseen_classical_mert_20260919T171142Z,udio,Frozen MERT + LR,11,0.1,,2.0,6355,1394,0.9419632137540219,0.12121212121212122,0.956269592476489,0.11363636363636363,0.7627668941228263,1.735718792071566,0.0017197920242324471,[]
unseen_classical_mert_20260919T171142Z,udio,Frozen MERT + LR,12,1.0,,2.0,6355,1394,0.9390457667002834,0.1354992076069731,0.9556948798328108,0.09090909090909091,0.7962017482787963,3.3476117089157924,0.008110874914564192,[]
unseen_classical_mert_20260919T171142Z,udio,Frozen MERT + LR,13,10.0,,2.0,6355,1394,0.938115305191375,0.12878787878787878,0.9578369905956113,0.09090909090909091,0.7962017482787963,3.240957999951206,0.008201541961170733,[]
unseen_classical_mert_20260919T171142Z,udio,Frozen MERT + LR,14,100.0,,2.0,6355,1394,0.9285405561158335,0.13232963549920762,0.9526384535005225,0.09090909090909091,0.7962017482787963,3.8182313749566674,0.00610891601536423,[]
unseen_classical_mert_20260919T171142Z,udio,Frozen MERT + LR,15,0.01,,3.0,6355,1394,0.938217355808481,0.10606060606060606,0.9571055381400209,0.09090909090909091,0.7962017482787963,0.8137164580402896,0.007440667017363012,[]
unseen_classical_mert_20260919T171142Z,udio,Frozen MERT + LR,16,0.1,,3.0,6355,1394,0.9383794362003555,0.12121212121212122,0.9539184952978056,0.11264367816091958,0.7627668941228263,1.2155405409866944,0.007968916092067957,[]
unseen_classical_mert_20260919T171142Z,udio,Frozen MERT + LR,17,1.0,,3.0,6355,1394,0.9319082264803342,0.13636363636363635,0.9505224660397074,0.11363636363636363,0.7627668941228263,2.1487023750087246,0.007889875094406307,[]
unseen_classical_mert_20260919T171142Z,udio,Frozen MERT + LR,18,10.0,,3.0,6355,1394,0.9248307160351534,0.1489698890649762,0.9439393939393939,0.11363636363636363,0.7627668941228263,2.3216157499700785,0.0028123329393565655,[]
unseen_classical_mert_20260919T171142Z,udio,Frozen MERT + LR,19,100.0,,3.0,6355,1394,0.9157962349325265,0.14580031695721074,0.9399686520376176,0.13636363636363635,0.7297238643367449,1.4090131249977276,0.004267208045348525,[]
unseen_classical_mert_20260919T171142Z,udio,Frozen MERT + LR,20,0.01,,4.0,6355,1394,0.9534769245545789,0.08161648177496039,0.9670846394984327,0.0482758620689655,0.8790098509724678,0.6783792920177802,0.003441833076067269,[]
unseen_classical_mert_20260919T171142Z,udio,Frozen MERT + LR,21,0.1,,4.0,6355,1394,0.9470837535417568,0.08240887480190173,0.9592476489028212,0.06818181818181818,0.83694878539378,1.0969365829369053,0.0040039169834926724,[]
unseen_classical_mert_20260919T171142Z,udio,Frozen MERT + LR,22,1.0,,4.0,6355,1394,0.9374189598040628,0.10301109350237714,0.9466562173458725,0.09090909090909091,0.7962017482787963,1.683691667043604,0.004863749956712127,[]
unseen_classical_mert_20260919T171142Z,udio,Frozen MERT + LR,23,10.0,,4.0,6355,1394,0.9379172069346395,0.10606060606060606,0.9454806687565307,0.09090909090909091,0.7962017482787963,1.6368991659255698,0.00781924999319017,[]
unseen_classical_mert_20260919T171142Z,udio,Frozen MERT + LR,24,100.0,,4.0,6355,1394,0.9397361091101186,0.09848484848484848,0.9511494252873564,0.10804597701149421,0.7685990338164251,1.2404576669214293,0.0006130830151960254,[]
unseen_classical_mert_20260919T171142Z,udio,Frozen MERT + LR,25,0.01,,5.0,6355,1394,0.9565024252029006,0.0911251980982567,0.972466039707419,0.06818181818181818,0.83694878539378,0.7370790409622714,0.007241250015795231,[]
unseen_classical_mert_20260919T171142Z,udio,Frozen MERT + LR,26,0.1,,5.0,6355,1394,0.9522283052393987,0.09848484848484848,0.9697492163009405,0.06818181818181818,0.83694878539378,1.2361048329621553,0.006477458984591067,[]
unseen_classical_mert_20260919T171142Z,udio,Frozen MERT + LR,27,1.0,,5.0,6355,1394,0.947876146568698,0.11727416798732171,0.9618599791013585,0.1103448275862069,0.7656663928297811,1.5753607079386711,0.0012742499820888042,[]
unseen_classical_mert_20260919T171142Z,udio,Frozen MERT + LR,28,10.0,,5.0,6355,1394,0.9495629832396869,0.11410459587955624,0.960710553814002,0.11363636363636363,0.7627668941228263,1.2631919169798493,0.004215207998640835,[]
unseen_classical_mert_20260919T171142Z,udio,Frozen MERT + LR,29,100.0,,5.0,6355,1394,0.9364314700091244,0.12121212121212122,0.9562434691745036,0.12873563218390804,0.7375574407917993,0.7698792080627754,0.006383290980011225,[]
unseen_classical_mert_20260919T171142Z,udio,Frozen MERT + LR,30,0.01,,6.0,6355,1394,0.965765019449647,0.08333333333333333,0.9773772204806688,0.06818181818181818,0.83694878539378,0.5908550419844687,0.004614875069819391,[]
unseen_classical_mert_20260919T171142Z,udio,Frozen MERT + LR,31,0.1,,6.0,6355,1394,0.9671997310666091,0.07575757575757576,0.9812957157784744,0.07126436781609191,0.8332582521090999,1.248814083985053,0.005693082930520177,[]
unseen_classical_mert_20260919T171142Z,udio,Frozen MERT + LR,32,1.0,,6.0,6355,1394,0.965765019449647,0.06973058637083995,0.980355276907001,0.08965517241379306,0.7994547490385083,1.3896790830185637,0.0022943749791011214,[]
unseen_classical_mert_20260919T171142Z,udio,Frozen MERT + LR,33,10.0,,6.0,6355,1394,0.9631117034048887,0.08637083993660855,0.9753396029258098,0.1103448275862069,0.7656663928297811,0.9735926249995828,0.003567707957699895,[]
unseen_classical_mert_20260919T171142Z,udio,Frozen MERT + LR,34,100.0,,6.0,6355,1394,0.9577330355856505,0.09848484848484848,0.9697753396029258,0.096551724137931,0.7898160866910866,0.8933485000161454,0.004035625024698675,[]
unseen_classical_mert_20260919T171142Z,udio,Frozen MERT + LR,35,0.01,,7.0,6355,1394,0.9684723622916966,0.07606973058637079,0.9738244514106582,0.06818181818181818,0.83694878539378,0.683424917049706,0.002162290969863534,[]
unseen_classical_mert_20260919T171142Z,udio,Frozen MERT + LR,36,0.1,,7.0,6355,1394,0.9710596455842098,0.08333333333333333,0.9743991640543365,0.08965517241379306,0.7994547490385083,1.0637292090104893,0.0059552500024437904,[]
unseen_classical_mert_20260919T171142Z,udio,Frozen MERT + LR,37,1.0,,7.0,6355,1394,0.9703092733996063,0.09429477020602217,0.9736154649947754,0.09090909090909091,0.7962017482787963,1.4972057500854135,0.001640666974708438,[]
unseen_classical_mert_20260919T171142Z,udio,Frozen MERT + LR,38,10.0,,7.0,6355,1394,0.9637089996638333,0.09848484848484848,0.9667711598746082,0.09090909090909091,0.7962017482787963,1.4292181660421193,0.0023637079866603017,[]
unseen_classical_mert_20260919T171142Z,udio,Frozen MERT + LR,39,100.0,,7.0,6355,1394,0.9530447101762474,0.10538827258320127,0.9647335423197492,0.09090909090909091,0.7962017482787963,0.812570916954428,0.0034210829762741923,[]
unseen_classical_mert_20260919T171142Z,udio,Frozen MERT + LR,40,0.01,,8.0,6355,1394,0.9671397012918408,0.07527733755942945,0.9742424242424242,0.045454545454545456,0.8833156169722739,0.6394057089928538,0.006236084038391709,[]
unseen_classical_mert_20260919T171142Z,udio,Frozen MERT + LR,41,0.1,,8.0,6355,1394,0.9651707246794411,0.07606973058637079,0.9716300940438871,0.07586206896551728,0.8260290556900727,1.1202162499539554,0.015437416965141892,[]
unseen_classical_mert_20260919T171142Z,udio,Frozen MERT + LR,42,1.0,,8.0,6355,1394,0.9583933631081016,0.09508716323296351,0.964158829676071,0.09090909090909091,0.7962017482787963,1.7606666670180857,0.003037292044609785,[]
unseen_classical_mert_20260919T171142Z,udio,Frozen MERT + LR,43,10.0,,8.0,6355,1394,0.9534319022235029,0.08637083993660855,0.9600574712643679,0.09090909090909091,0.7962017482787963,1.838508625049144,0.00539750000461936,[]
unseen_classical_mert_20260919T171142Z,udio,Frozen MERT + LR,44,100.0,,8.0,6355,1394,0.954041204437401,0.09033280507131536,0.9665099268547545,0.08045977011494254,0.8128924990735269,0.8566514999838546,0.004478082992136478,[]
unseen_classical_mert_20260919T171142Z,udio,Frozen MERT + LR,45,0.01,,9.0,6355,1394,0.9744573308360948,0.07575757575757576,0.9805120167189134,0.05517241379310345,0.8664879931389365,0.6727887499146163,0.0023035421036183834,[]
unseen_classical_mert_20260919T171142Z,udio,Frozen MERT + LR,46,0.1,,9.0,6355,1394,0.9710056187869183,0.08333333333333333,0.9735632183908047,0.09090909090909091,0.7962017482787963,1.0247364579699934,0.003915917011909187,[]
unseen_classical_mert_20260919T171142Z,udio,Frozen MERT + LR,47,1.0,,9.0,6355,1394,0.9652547663641167,0.10301109350237714,0.9686520376175549,0.06818181818181818,0.83694878539378,1.6150793329579756,0.004264999995939434,[]
unseen_classical_mert_20260919T171142Z,udio,Frozen MERT + LR,48,10.0,,9.0,6355,1394,0.9614728905537145,0.10606060606060606,0.9662486938349006,0.07816091954022986,0.8224877555312948,1.1254350830568,0.006936999969184399,[]
unseen_classical_mert_20260919T171142Z,udio,Frozen MERT + LR,49,100.0,,9.0,6355,1394,0.9431127839408345,0.11568938193343903,0.9643155694879832,0.08275862068965523,0.809466984884646,0.85687737504486,0.004139291006140411,[]
unseen_classical_mert_20260919T171142Z,udio,Frozen MERT + LR,50,0.01,,10.0,6355,1394,0.9687304903232005,0.09191759112519815,0.9814002089864159,0.06666666666666665,0.8406917768354536,0.6715867919847369,0.007357166963629425,[]
unseen_classical_mert_20260919T171142Z,udio,Frozen MERT + LR,51,0.1,,10.0,6355,1394,0.9680701628007491,0.09848484848484848,0.9774294670846395,0.09090909090909091,0.7962017482787963,1.0936491249594837,0.0075323330238461494,[]
unseen_classical_mert_20260919T171142Z,udio,Frozen MERT + LR,52,1.0,,10.0,6355,1394,0.9651467127695337,0.09090909090909091,0.9707419017763845,0.08275862068965523,0.809466984884646,1.3175207909662277,0.0013162079267203808,[]
unseen_classical_mert_20260919T171142Z,udio,Frozen MERT + LR,53,10.0,,10.0,6355,1394,0.958801565576526,0.10935023771790808,0.9646290491118076,0.11363636363636363,0.7627668941228263,0.8817712500458583,0.007213582983240485,[]
unseen_classical_mert_20260919T171142Z,udio,Frozen MERT + LR,54,100.0,,10.0,6355,1394,0.9490587331316332,0.11363636363636363,0.9705851619644723,0.11363636363636363,0.7627668941228263,0.7508007499855012,0.002487083082087338,[]
unseen_classical_mert_20260919T171142Z,udio,Frozen MERT + LR,55,0.01,,11.0,6355,1394,0.9706994669356,0.0855784469096672,0.9841692789968652,0.04597701149425293,0.8833156169722739,0.7792103330139071,0.0029804169898852706,[]
unseen_classical_mert_20260919T171142Z,udio,Frozen MERT + LR,56,0.1,,11.0,6355,1394,0.9659270998415214,0.09033280507131536,0.976907001044932,0.08275862068965523,0.809466984884646,1.0205378340324387,0.007365749916061759,[]
unseen_classical_mert_20260919T171142Z,udio,Frozen MERT + LR,57,1.0,,11.0,6355,1394,0.960026172981799,0.10063391442155312,0.9665621734587252,0.09090909090909091,0.7962017482787963,1.7398429590975866,0.003968125092796981,[]
unseen_classical_mert_20260919T171142Z,udio,Frozen MERT + LR,58,10.0,,11.0,6355,1394,0.9546144887864381,0.12878787878787878,0.9590909090909091,0.11363636363636363,0.7627668941228263,1.081318625016138,0.006355417077429593,[]
unseen_classical_mert_20260919T171142Z,udio,Frozen MERT + LR,59,100.0,,11.0,6355,1394,0.9405104932046295,0.12121212121212122,0.956765935214211,0.09425287356321843,0.7929891956782713,0.9909262909786776,0.011568707996048033,[]
unseen_classical_mert_20260919T171142Z,udio,Frozen MERT + LR,60,0.01,,12.0,6355,1394,0.9658310522018921,0.08333333333333333,0.9786833855799373,0.06818181818181818,0.83694878539378,0.5087190830381587,0.004616582999005914,[]
unseen_classical_mert_20260919T171142Z,udio,Frozen MERT + LR,61,0.1,,12.0,6355,1394,0.9607645392114489,0.09090909090909091,0.9745559038662487,0.06818181818181818,0.83694878539378,1.0868124580010772,0.002025958034209907,[]
unseen_classical_mert_20260919T171142Z,udio,Frozen MERT + LR,62,1.0,,12.0,6355,1394,0.9562382941939201,0.10606060606060606,0.9665099268547546,0.09425287356321843,0.7929891956782713,1.8335761670023203,0.005339666036888957,[]
unseen_classical_mert_20260919T171142Z,udio,Frozen MERT + LR,63,10.0,,12.0,6355,1394,0.9534228977572876,0.10855784469096674,0.9618077324973877,0.10804597701149421,0.7685990338164251,2.2736410829238594,0.004908208968117833,[]
unseen_classical_mert_20260919T171142Z,udio,Frozen MERT + LR,64,100.0,,12.0,6355,1394,0.9241283676703644,0.12878787878787878,0.947884012539185,0.10114942528735638,0.7835843373493976,1.1845053329598159,0.007168458076193929,[]
