robustness_run_id,condition,source_final_run_id,run_id,model,variant,split,level,n,n_real,n_fake,real_prevalence,fake_prevalence,threshold,reason,roc_auc,ap_fake,ap_real,eer,balanced_accuracy,macro_f1,real_fpr,fake_miss_rate,hter,confusion_matrix
mp3_optimized_20260919T175101Z,clean,final_binary_20260919T164939Z,classical_20260919T110356Z,LogisticRegression,optimized,test,segment,1572,135,1437,0.08587786259541985,0.9141221374045801,0.5676900245181252,,0.8953168896105569,0.9880844071355066,0.5237236368551613,0.1925925925925926,0.8098816979819068,0.6610137798540886,0.2,0.1802366040361865,0.19011830201809327,"[[108, 27], [259, 1178]]"
mp3_optimized_20260919T175101Z,clean,final_binary_20260919T164939Z,classical_20260919T110356Z,LogisticRegression,optimized,test,track,539,45,494,0.08348794063079777,0.9165120593692022,0.5634561570614823,,0.942914979757085,0.9937806320448539,0.7248060382336823,0.13333333333333333,0.8837381916329285,0.7641325536062378,0.13333333333333333,0.09919028340080972,0.11626180836707153,"[[39, 6], [49, 445]]"
mp3_optimized_20260919T175101Z,clean,final_binary_20260919T164939Z,classical_20260919T110356Z,RBF-SVM,optimized,test,segment,1572,135,1437,0.08587786259541985,0.9141221374045801,0.5847561880627183,,0.9141421170648729,0.9898335896566051,0.6711133957521902,0.16296296296296298,0.8467408953839016,0.7190223577635566,0.17777777777777778,0.12874043145441894,0.15325910461609837,"[[111, 24], [185, 1252]]"
mp3_optimized_20260919T175101Z,clean,final_binary_20260919T164939Z,classical_20260919T110356Z,RBF-SVM,optimized,test,track,539,45,494,0.08348794063079777,0.9165120593692022,0.6615054850320587,,0.9581646423751686,0.9955427091353837,0.8369383279402037,0.11538461538461542,0.8989428699955015,0.8430584672723037,0.15555555555555556,0.0465587044534413,0.10105713000449842,"[[38, 7], [23, 471]]"
mp3_optimized_20260919T175101Z,clean,final_binary_20260919T164939Z,cnn_revised_20260919T110440Z,Log-Mel CNN,optimized,test,segment,1572,135,1437,0.08587786259541985,0.9141221374045801,0.142173171043396,,0.9599628856413825,0.9956616441153255,0.8043829290826934,0.11851851851851852,0.8826799659785046,0.7995599499358899,0.16296296296296298,0.07167710508002784,0.1173200340214954,"[[113, 22], [103, 1334]]"
mp3_optimized_20260919T175101Z,clean,final_binary_20260919T164939Z,cnn_revised_20260919T110440Z,Log-Mel CNN,optimized,test,track,539,45,494,0.08348794063079777,0.9165120593692022,0.2410693895071745,,0.9847053531264056,0.9985572693084643,0.9021024960445955,0.0748987854251012,0.8878542510121458,0.876436875716391,0.2,0.024291497975708502,0.11214574898785426,"[[36, 9], [12, 482]]"
mp3_optimized_20260919T175101Z,clean,final_binary_20260919T164939Z,mert_binary_20260919T110741Z,Frozen MERT + LR,optimized,test,segment,1572,135,1437,0.08587786259541985,0.9141221374045801,0.5685665621681771,,0.9730972447743499,0.9971602824825951,0.8703084501665634,0.08002783576896311,0.9220289182710895,0.8175595132717252,0.08148148148148149,0.0744606819763396,0.07797108172891054,"[[124, 11], [107, 1330]]"
mp3_optimized_20260919T175101Z,clean,final_binary_20260919T164939Z,mert_binary_20260919T110741Z,Frozen MERT + LR,optimized,test,track,539,45,494,0.08348794063079777,0.9165120593692022,0.5887511404871456,,0.9845254161043635,0.9983362835855492,0.9380866256671277,0.06666666666666667,0.9363247863247863,0.8786570743405275,0.08888888888888889,0.038461538461538464,0.06367521367521367,"[[41, 4], [19, 475]]"
mp3_optimized_20260919T175101Z,mp3_128,final_binary_20260919T164939Z,classical_20260919T110356Z,LogisticRegression,optimized,test,segment,1572,135,1437,0.08587786259541985,0.9141221374045801,0.5676900245181252,,0.8796102992345163,0.9862047379524801,0.4555562840639583,0.20598469032707023,0.7856955076161757,0.6518647247896898,0.2518518518518518,0.1767571329157968,0.21430449238382432,"[[101, 34], [254, 1183]]"
mp3_optimized_20260919T175101Z,mp3_128,final_binary_20260919T164939Z,classical_20260919T110356Z,LogisticRegression,optimized,test,track,539,45,494,0.08348794063079777,0.9165120593692022,0.5634561570614823,,0.9237067026540711,0.9913544309979875,0.6821632132957075,0.15555555555555556,0.8483805668016194,0.741014799154334,0.2,0.10323886639676114,0.15161943319838056,"[[36, 9], [51, 443]]"
mp3_optimized_20260919T175101Z,mp3_128,final_binary_20260919T164939Z,classical_20260919T110356Z,RBF-SVM,optimized,test,segment,1572,135,1437,0.08587786259541985,0.9141221374045801,0.5847561880627183,,0.9001056728266192,0.9878186398882595,0.6370479973650376,0.17777777777777778,0.8378411814737494,0.7251306938819205,0.2074074074074074,0.11691022964509394,0.16215881852625066,"[[107, 28], [168, 1269]]"
mp3_optimized_20260919T175101Z,mp3_128,final_binary_20260919T164939Z,classical_20260919T110356Z,RBF-SVM,optimized,test,track,539,45,494,0.08348794063079777,0.9165120593692022,0.6615054850320587,,0.9464237516869095,0.9939133541188327,0.809823285332767,0.13333333333333333,0.8878317588843905,0.8364508393285373,0.17777777777777778,0.0465587044534413,0.11216824111560954,"[[37, 8], [23, 471]]"
mp3_optimized_20260919T175101Z,mp3_128,final_binary_20260919T164939Z,cnn_revised_20260919T110440Z,Log-Mel CNN,optimized,test,segment,1572,135,1437,0.08587786259541985,0.9141221374045801,0.142173171043396,,0.8853991082244388,0.9863807392363084,0.5453234825463852,0.18023660403618647,0.7301554163767108,0.7248561056413136,0.4888888888888889,0.05080027835768963,0.2698445836232892,"[[69, 66], [73, 1364]]"
mp3_optimized_20260919T175101Z,mp3_128,final_binary_20260919T164939Z,cnn_revised_20260919T110440Z,Log-Mel CNN,optimized,test,track,539,45,494,0.08348794063079777,0.9165120593692022,0.2410693895071745,,0.914574898785425,0.9902917264252649,0.6991330858417023,0.17777777777777778,0.8030139451192082,0.8331413995071635,0.37777777777777777,0.016194331983805668,0.1969860548807917,"[[28, 17], [8, 486]]"
mp3_optimized_20260919T175101Z,mp3_128,final_binary_20260919T164939Z,mert_binary_20260919T110741Z,Frozen MERT + LR,optimized,test,segment,1572,135,1437,0.08587786259541985,0.9141221374045801,0.5685665621681771,,0.9737158174179746,0.9972901890516117,0.8590093886842938,0.08141962421711901,0.9173045697054047,0.8438182045439249,0.1111111111111111,0.054279749478079335,0.08269543029459522,"[[120, 15], [78, 1359]]"
mp3_optimized_20260919T175101Z,mp3_128,final_binary_20260919T164939Z,mert_binary_20260919T110741Z,Frozen MERT + LR,optimized,test,track,539,45,494,0.08348794063079777,0.9165120593692022,0.5887511404871456,,0.9851102114260009,0.9984220621001632,0.9352548615697348,0.06666666666666667,0.9444219523166891,0.9150351524322962,0.08888888888888889,0.022267206477732792,0.055578047683310844,"[[41, 4], [11, 483]]"
mp3_optimized_20260919T175101Z,mp3_64,final_binary_20260919T164939Z,classical_20260919T110356Z,LogisticRegression,optimized,test,segment,1572,135,1437,0.08587786259541985,0.9141221374045801,0.5676900245181252,,0.8502590272945179,0.983292967114855,0.3559417688380748,0.23799582463465552,0.7763318642233047,0.5894097173753222,0.17037037037037037,0.27696590118302017,0.22366813577669525,"[[112, 23], [398, 1039]]"
mp3_optimized_20260919T175101Z,mp3_64,final_binary_20260919T164939Z,classical_20260919T110356Z,LogisticRegression,optimized,test,track,539,45,494,0.08348794063079777,0.9165120593692022,0.5634561570614823,,0.9000899685110212,0.9882501002528807,0.6352780232925339,0.17777777777777778,0.8007647323436797,0.6146206896551725,0.15555555555555556,0.242914979757085,0.19923526765632027,"[[38, 7], [120, 374]]"
mp3_optimized_20260919T175101Z,mp3_64,final_binary_20260919T164939Z,classical_20260919T110356Z,RBF-SVM,optimized,test,segment,1572,135,1437,0.08587786259541985,0.9141221374045801,0.5847561880627183,,0.8568571354931829,0.9822392624999624,0.525139675657937,0.21481481481481482,0.7869403850614707,0.6351444279254388,0.2222222222222222,0.20389700765483645,0.21305961493852932,"[[105, 30], [293, 1144]]"
mp3_optimized_20260919T175101Z,mp3_64,final_binary_20260919T164939Z,classical_20260919T110356Z,RBF-SVM,optimized,test,track,539,45,494,0.08348794063079777,0.9165120593692022,0.6615054850320587,,0.9071974808816914,0.9889180726611324,0.7171669921330315,0.15555555555555556,0.8584570400359874,0.7227203245340702,0.15555555555555556,0.12753036437246965,0.14154295996401262,"[[38, 7], [63, 431]]"
mp3_optimized_20260919T175101Z,mp3_64,final_binary_20260919T164939Z,cnn_revised_20260919T110440Z,Log-Mel CNN,optimized,test,segment,1572,135,1437,0.08587786259541985,0.9141221374045801,0.142173171043396,,0.7086471300806723,0.9619130733169707,0.1610047840625069,0.3549060542797495,0.5283151627619268,0.5329620992705333,0.9037037037037037,0.03966597077244259,0.47168483723807314,"[[13, 122], [57, 1380]]"
mp3_optimized_20260919T175101Z,mp3_64,final_binary_20260919T164939Z,cnn_revised_20260919T110440Z,Log-Mel CNN,optimized,test,track,539,45,494,0.08348794063079777,0.9165120593692022,0.2410693895071745,,0.6839406207827261,0.956038020897853,0.2761009262592209,0.4089068825910931,0.5494826810616285,0.5667808219178082,0.8888888888888888,0.012145748987854251,0.45051731893837155,"[[5, 40], [6, 488]]"
mp3_optimized_20260919T175101Z,mp3_64,final_binary_20260919T164939Z,mert_binary_20260919T110741Z,Frozen MERT + LR,optimized,test,segment,1572,135,1437,0.08587786259541985,0.9141221374045801,0.5685665621681771,,0.9450346658419032,0.9942537412247159,0.7181915239298388,0.13082811412665274,0.8339828346091394,0.8099319680658125,0.28888888888888886,0.04314544189283229,0.1660171653908606,"[[96, 39], [62, 1375]]"
mp3_optimized_20260919T175101Z,mp3_64,final_binary_20260919T164939Z,mert_binary_20260919T110741Z,Frozen MERT + LR,optimized,test,track,539,45,494,0.08348794063079777,0.9165120593692022,0.5887511404871456,,0.9605038236617185,0.9957138982273696,0.8451689923819963,0.1111111111111111,0.8484705353126406,0.8708920187793427,0.28888888888888886,0.01417004048582996,0.15152946468735942,"[[32, 13], [7, 487]]"
