run_id,trial_id,stage,epoch,train_loss,val_segment_roc_auc,val_segment_eer,val_track_roc_auc,val_track_eer,is_best_epoch,early_stop_counter,updates,cumulative_updates,val_inference_sec,epoch_sec
cnn_revised_20260919T110440Z,cnn_baseline,baseline,1,0.10316843715608248,0.7188941333678176,0.3776671408250356,0.756446452098626,0.3084886128364389,True,0,218,218,5.128206958994269,85.5875097499229
cnn_revised_20260919T110440Z,cnn_baseline,baseline,2,0.09779580526382214,0.7988490883227725,0.2809388335704125,0.8429324298889517,0.2422360248447205,True,0,218,436,4.156510208034888,79.56598687497899
cnn_revised_20260919T110440Z,cnn_baseline,baseline,3,0.0866871162579565,0.8267436096383465,0.26515151515151514,0.8791172595520422,0.20703933747412007,True,0,218,654,4.569869583006948,86.16378979198635
cnn_revised_20260919T110440Z,cnn_baseline,baseline,4,0.0837116250694782,0.7807448596922282,0.30303030303030304,0.8023244871070957,0.2727272727272727,False,1,218,872,4.448217957979068,86.89416837505996
cnn_revised_20260919T110440Z,cnn_baseline,baseline,5,0.07741807871399915,0.864961851803957,0.22727272727272727,0.8891869000564653,0.21532091097308492,False,2,218,1090,4.423940375098027,85.40672545798589
cnn_revised_20260919T110440Z,cnn_baseline,baseline,6,0.07049840737791371,0.8778611147032198,0.2083926031294452,0.8954451345755694,0.18181818181818182,True,0,218,1308,4.417177292052656,84.82555483304895
cnn_revised_20260919T110440Z,cnn_baseline,baseline,7,0.06444422484622704,0.8728555110134059,0.1893939393939394,0.9064558629776021,0.1590909090909091,True,0,218,1526,4.472160917008296,84.99020649993327
cnn_revised_20260919T110440Z,cnn_baseline,baseline,8,0.0587367548698056,0.9022587180481916,0.21212121212121213,0.9237248258987389,0.18181818181818182,False,1,218,1744,4.561969291069545,85.83286333398428
cnn_revised_20260919T110440Z,cnn_baseline,baseline,9,0.05635230413990827,0.9169037458511142,0.18181818181818182,0.9478166760775456,0.1532091097308489,True,0,218,1962,4.538969999994151,87.57278304209467
cnn_revised_20260919T110440Z,cnn_baseline,baseline,10,0.05253602303505731,0.8960677184361396,0.19696969696969696,0.9107848673066065,0.16356107660455488,False,1,218,2180,4.875740541960113,88.16276687500067
cnn_revised_20260919T110440Z,cnn_baseline,baseline,11,0.05205191702433428,0.8905933445407129,0.2196969696969697,0.9125729343120647,0.20454545454545456,False,2,218,2398,4.636494750040583,89.04770537500735
cnn_revised_20260919T110440Z,cnn_baseline,baseline,12,0.04987075431447503,0.9332029397818871,0.1443812233285917,0.960239036325993,0.09090909090909091,True,0,218,2616,4.637705917004496,87.66694629203994
cnn_revised_20260919T110440Z,cnn_baseline,baseline,13,0.043845155226229525,0.9455472218630114,0.12091038406827881,0.9670619235836628,0.09090909090909091,True,0,218,2834,4.60883141704835,87.51044104096945
cnn_revised_20260919T110440Z,cnn_baseline,baseline,14,0.0436817533343932,0.9430794430794431,0.1330014224751067,0.9565687935253152,0.11363636363636363,False,1,218,3052,4.615210874937475,87.63468445802573
cnn_revised_20260919T110440Z,cnn_baseline,baseline,15,0.03994001705561476,0.9403422561317298,0.14082503556187764,0.9471579145492188,0.1490683229813664,False,2,218,3270,4.676831417018548,87.79901495808735
cnn_revised_20260919T110440Z,cnn_baseline,baseline,16,0.03866316632101521,0.9423089357299883,0.11806543385490753,0.9507340485601355,0.10766045548654246,False,3,218,3488,4.647849750006571,87.77249779202975
cnn_revised_20260919T110440Z,cnn_baseline,baseline,17,0.03628768577000191,0.9505743782059571,0.13086770981507823,0.9569452286843589,0.11363636363636363,False,4,218,3706,4.733377416967414,87.66382183309179
cnn_revised_20260919T110440Z,cnn_s1_01,stage1,1,0.09671415001885422,0.8421160394844605,0.23484848484848486,0.883681535855449,0.19875776397515532,True,0,218,218,5.867525000008754,91.42138154106215
cnn_revised_20260919T110440Z,cnn_s1_01,stage1,2,0.08307909933646714,0.8800217681796629,0.21834992887624471,0.9127140974967062,0.19668737060041408,True,0,218,436,5.3449597919825464,92.96028749994002
cnn_revised_20260919T110440Z,cnn_s1_01,stage1,3,0.07207368642575125,0.898745635587741,0.18634423897581798,0.9168078298513082,0.1594202898550725,True,0,218,654,5.896221834002063,94.63873341691215
cnn_revised_20260919T110440Z,cnn_s1_01,stage1,4,0.06525862330948586,0.8445407129617657,0.25177809388335703,0.9087615283267457,0.20454545454545456,False,1,218,872,5.42286662501283,93.73958045896143
cnn_revised_20260919T110440Z,cnn_s1_01,stage1,5,0.056860715026246844,0.9169306866675286,0.16666666666666666,0.9535573122529644,0.11363636363636363,True,0,218,1090,5.31463066698052,92.10141250002198
cnn_revised_20260919T110440Z,cnn_s1_01,stage1,6,0.05536119353378522,0.8391525496788655,0.25106685633001424,0.8785996612083568,0.21739130434782605,False,1,218,1308,4.7008162080310285,89.72590208309703
cnn_revised_20260919T110440Z,cnn_s1_01,stage1,7,0.049214394082967204,0.9388497349023666,0.11379800853485067,0.9631093544137023,0.06832298136645965,True,0,218,1526,4.679007875034586,88.93398400000297
cnn_revised_20260919T110440Z,cnn_s1_01,stage1,8,0.04464097118353517,0.9399704728652097,0.1344238975817923,0.96386222473179,0.09090909090909091,False,1,218,1744,5.441639625001699,89.63382641703356
cnn_revised_20260919T110440Z,cnn_s1_01,stage1,9,0.04105347139193797,0.9389574981680244,0.13636363636363635,0.9638151703369094,0.11387163561076608,False,2,218,1962,4.682766291080043,89.40349100006279
cnn_revised_20260919T110440Z,cnn_s1_01,stage1,10,0.04260599676926543,0.8741486702013017,0.21212121212121213,0.8886222473178995,0.20454545454545456,False,3,218,2180,4.728444291977212,88.23062862502411
cnn_revised_20260919T110440Z,cnn_s1_01,stage1,11,0.035754354423075355,0.9403099271520324,0.12878787878787878,0.9627799736495389,0.09730848861283647,False,4,218,2398,4.682064249995165,88.09988133294974
cnn_revised_20260919T110440Z,cnn_s1_02,stage1,1,0.09766014351279455,0.8345402819087031,0.2453769559032717,0.8731884057971014,0.18181818181818182,True,0,218,218,5.232039791997522,89.3641335410066
cnn_revised_20260919T110440Z,cnn_s1_02,stage1,2,0.08405533349332636,0.8732973404026037,0.22617354196301565,0.9050442311311877,0.20454545454545456,False,1,218,436,4.687036958057433,89.66969629109371
cnn_revised_20260919T110440Z,cnn_s1_02,stage1,3,0.07339643830203832,0.8943650588387431,0.19696969696969696,0.9126670431018257,0.18181818181818182,True,0,218,654,4.691377499955706,88.33687437500339
cnn_revised_20260919T110440Z,cnn_s1_02,stage1,4,0.06740141732053297,0.8418735721367301,0.2553342816500711,0.9047619047619048,0.20454545454545456,False,1,218,872,4.638648374937475,88.2825919999741
cnn_revised_20260919T110440Z,cnn_s1_02,stage1,5,0.05803408825405619,0.9203036768826242,0.1590909090909091,0.9557218144174666,0.09090909090909091,True,0,218,1090,5.603863833006471,92.66737924993504
cnn_revised_20260919T110440Z,cnn_s1_02,stage1,6,0.05732064212129553,0.8731680244838138,0.21212121212121213,0.9194428759646152,0.14078674948240166,False,1,218,1308,4.854715624940582,94.40019912505522
cnn_revised_20260919T110440Z,cnn_s1_02,stage1,7,0.050665600190840925,0.9333538083538084,0.12019914651493602,0.9575098814229248,0.07246376811594202,True,0,218,1526,4.832870582933538,90.62343816598877
cnn_revised_20260919T110440Z,cnn_s1_02,stage1,8,0.045421078155766056,0.9297114099745678,0.14393939393939395,0.9606625258799172,0.09090909090909091,False,1,218,1744,4.791205832967535,90.3239341659937
cnn_revised_20260919T110440Z,cnn_s1_02,stage1,9,0.04257238448228678,0.9337525324367429,0.147226173541963,0.9538396386222473,0.13043478260869568,False,2,218,1962,4.688251959043555,87.63486587500665
cnn_revised_20260919T110440Z,cnn_s1_02,stage1,10,0.04471609822457176,0.9239137462821674,0.17425320056899007,0.9401468097120271,0.13636363636363635,False,3,218,2180,4.654168749926612,87.53419183299411
cnn_revised_20260919T110440Z,cnn_s1_02,stage1,11,0.03718423605413293,0.9410157765420923,0.13086770981507823,0.9656973461321288,0.10144927536231885,False,4,218,2398,4.648580999928527,87.50263583299238
cnn_revised_20260919T110440Z,cnn_s1_03,stage1,1,0.10118909864372959,0.826070089227984,0.25,0.8653773762469413,0.20454545454545456,True,0,218,218,5.454094624961726,88.83644250000361
cnn_revised_20260919T110440Z,cnn_s1_03,stage1,2,0.08651953121908977,0.8619821975085133,0.22727272727272727,0.8920101637492942,0.20454545454545456,True,0,218,436,4.832723792060278,89.06522925000172
cnn_revised_20260919T110440Z,cnn_s1_03,stage1,3,0.07630142832189067,0.8790249579723264,0.21692745376955902,0.8961509504987766,0.2194616977225673,False,1,218,654,4.694811415974982,88.19431783398613
cnn_revised_20260919T110440Z,cnn_s1_03,stage1,4,0.07073902829976768,0.8373367386525281,0.26244665718349924,0.8955392433653304,0.19668737060041408,True,0,218,872,4.6046668329508975,87.93842216697522
cnn_revised_20260919T110440Z,cnn_s1_03,stage1,5,0.06169697421493157,0.9137570584939005,0.16666666666666666,0.9450875211744777,0.11363636363636363,True,0,218,1090,4.718195833032951,88.33396008296404
cnn_revised_20260919T110440Z,cnn_s1_03,stage1,6,0.06083832892601436,0.8507101599206862,0.2596017069701281,0.892668925277621,0.22153209109730854,False,1,218,1308,4.572178125032224,87.49862083303742
cnn_revised_20260919T110440Z,cnn_s1_03,stage1,7,0.05403506947253276,0.9298299495667917,0.13726884779516357,0.9605213626952757,0.08695652173913049,True,0,218,1526,4.675945166032761,87.57544312498067
cnn_revised_20260919T110440Z,cnn_s1_03,stage1,8,0.05019120338117698,0.9192098797361955,0.16145092460881938,0.9501693958215697,0.11363636363636363,False,1,218,1744,4.773101959028281,89.48549212492071
cnn_revised_20260919T110440Z,cnn_s1_03,stage1,9,0.04655143957907523,0.9240161213845425,0.15576102418207682,0.9411349520045172,0.14699792960662528,False,2,218,1962,4.250743957934901,84.50086262496188
cnn_revised_20260919T110440Z,cnn_s1_03,stage1,10,0.04695214148013565,0.9434296736928316,0.14011379800853485,0.9610860154338415,0.11363636363636363,False,3,218,2180,4.755442583933473,81.61494066694286
cnn_revised_20260919T110440Z,cnn_s1_03,stage1,11,0.04202885129888028,0.9268610715979138,0.1590909090909091,0.9500752870318087,0.1262939958592133,False,4,218,2398,4.094548374996521,80.3223304169951
cnn_revised_20260919T110440Z,cnn_s1_04,stage1,1,0.0960559931143774,0.8286887365834734,0.23826458036984355,0.874411820063994,0.19461697722567284,True,0,218,218,4.160057042026892,79.26202475000173
cnn_revised_20260919T110440Z,cnn_s1_04,stage1,2,0.08266746537986883,0.8901676796413638,0.19985775248933146,0.9279126670431017,0.17184265010351962,True,0,218,436,4.138832500088029,79.3587227499811
cnn_revised_20260919T110440Z,cnn_s1_04,stage1,3,0.07150465042549688,0.8712121212121213,0.24242424242424243,0.8865047995482778,0.22727272727272727,False,1,218,654,4.1665766660589725,79.68455612496473
cnn_revised_20260919T110440Z,cnn_s1_04,stage1,4,0.06390170899511359,0.8969406008879692,0.1893939393939394,0.9429700734048561,0.13636363636363635,True,0,218,872,4.133062792010605,79.52693679102231
cnn_revised_20260919T110440Z,cnn_s1_04,stage1,5,0.054218250506874205,0.9361394887710677,0.12878787878787878,0.966309053265575,0.07246376811594202,True,0,218,1090,4.095839500078,79.19933558395132
cnn_revised_20260919T110440Z,cnn_s1_04,stage1,6,0.052702157301939216,0.8362914349756454,0.2727272727272727,0.8844344061735364,0.18181818181818182,False,1,218,1308,4.118573250016198,79.40010495798197
cnn_revised_20260919T110440Z,cnn_s1_04,stage1,7,0.04703746389881583,0.9409349540928489,0.12233285917496439,0.9553453792584228,0.0993788819875776,False,2,218,1526,3.9848715000553057,77.75531937507913
cnn_revised_20260919T110440Z,cnn_s1_04,stage1,8,0.039717981440632856,0.9294420018104228,0.17709815078236135,0.9486166007905138,0.13636363636363635,False,3,218,1744,4.001916124951094,78.05194124998525
cnn_revised_20260919T110440Z,cnn_s1_04,stage1,9,0.03698448074260521,0.9079378421483685,0.18634423897581798,0.9377470355731226,0.13636363636363635,False,4,218,1962,3.9883361250394955,77.18114641704597
cnn_revised_20260919T110440Z,cnn_s1_05,stage1,1,0.09657522891632742,0.8241034096297255,0.25,0.8617541878411444,0.18181818181818182,True,0,218,218,4.128492375020869,79.56436133303214
cnn_revised_20260919T110440Z,cnn_s1_05,stage1,2,0.08370928173889829,0.8919349971981549,0.20341394025604553,0.9353943158290984,0.13636363636363635,True,0,218,436,4.173613999970257,79.75078699993901
cnn_revised_20260919T110440Z,cnn_s1_05,stage1,3,0.07308658052760388,0.8564754946333895,0.23541963015647227,0.8840579710144928,0.20454545454545456,False,1,218,654,4.413683083024807,81.53607962501701
cnn_revised_20260919T110440Z,cnn_s1_05,stage1,4,0.0667532006658542,0.8753340661235398,0.2204836415362731,0.9199134199134199,0.1490683229813664,False,2,218,872,4.9003256659489125,81.89727304095868
cnn_revised_20260919T110440Z,cnn_s1_05,stage1,5,0.05640547338125096,0.9312147075304971,0.14295874822190613,0.9665443252399775,0.09090909090909091,True,0,218,1090,4.0582472500391304,80.09514870797284
cnn_revised_20260919T110440Z,cnn_s1_05,stage1,6,0.054356676574090095,0.8297017112806586,0.27524893314366994,0.9057029926595144,0.17805383022774324,False,1,218,1308,4.28819837491028,80.36030683398712
cnn_revised_20260919T110440Z,cnn_s1_05,stage1,7,0.048274457385169736,0.9537533945428682,0.11237553342816498,0.9690382081686428,0.09090909090909091,True,0,218,1526,4.164758250000887,79.040780832991
cnn_revised_20260919T110440Z,cnn_s1_05,stage1,8,0.04224972408270222,0.9308968058968059,0.1458036984352774,0.9720967438358743,0.082815734989648,True,0,218,1744,4.02962845901493,78.32197395793628
cnn_revised_20260919T110440Z,cnn_s1_05,stage1,9,0.03951702280299161,0.9181322470796154,0.17424242424242425,0.9543572369659326,0.11363636363636363,False,1,218,1962,4.038367250002921,77.47810312500224
cnn_revised_20260919T110440Z,cnn_s1_05,stage1,10,0.03756130283218007,0.9516573990258201,0.10597439544807963,0.9681912290607942,0.09090909090909091,False,2,218,2180,4.11904654209502,77.53445391601417
cnn_revised_20260919T110440Z,cnn_s1_05,stage1,11,0.03471764091851979,0.9494213112634166,0.1330014224751067,0.9625447016751364,0.09730848861283647,False,3,218,2398,4.058279416989535,78.42389620793983
cnn_revised_20260919T110440Z,cnn_s1_05,stage1,12,0.03311472453120296,0.9347601189706454,0.14393939393939395,0.9634857895727461,0.07039337474120078,True,0,218,2616,4.136962458025664,78.68734362500254
cnn_revised_20260919T110440Z,cnn_s1_05,stage1,13,0.029398109510410494,0.9389036165351955,0.15151515151515152,0.9740730284208545,0.11363636363636363,False,1,218,2834,4.216719291056506,80.31987633300014
cnn_revised_20260919T110440Z,cnn_s1_05,stage1,14,0.024137443693754954,0.9645081684555368,0.10028449502133707,0.9792960662525879,0.09090909090909091,False,2,218,3052,4.092576374998316,78.7095047920011
cnn_revised_20260919T110440Z,cnn_s1_05,stage1,15,0.027202714663424006,0.9556338635286004,0.12878787878787878,0.9647092038396385,0.11363636363636363,False,3,218,3270,4.096361249918118,78.23098116694018
cnn_revised_20260919T110440Z,cnn_s1_05,stage1,16,0.01941425549966547,0.9692443639812062,0.08321479374110952,0.980378317334839,0.06818181818181818,True,0,218,3488,4.601735583972186,80.34429308399558
cnn_revised_20260919T110440Z,cnn_s1_05,stage1,17,0.02225882491117975,0.92657549894392,0.15151515151515152,0.9537455298324863,0.09090909090909091,False,1,218,3706,4.218463708064519,82.97385345806833
cnn_revised_20260919T110440Z,cnn_s1_05,stage1,18,0.019535173701842382,0.9655588602957025,0.11363636363636363,0.990730284208545,0.0662525879917184,True,0,218,3924,4.070727834012359,79.72260537499096
cnn_revised_20260919T110440Z,cnn_s1_05,stage1,19,0.01902812582854937,0.9646536488641752,0.12233285917496439,0.9719085262563523,0.11363636363636363,False,1,218,4142,4.406823000055738,80.78407545899972
cnn_revised_20260919T110440Z,cnn_s1_05,stage1,20,0.014488210724630622,0.9648368464157937,0.09848484848484848,0.975296442687747,0.06832298136645965,False,2,218,4360,4.03317391697783,78.93995083298068
cnn_revised_20260919T110440Z,cnn_s1_05,stage1,21,0.016246143278005613,0.9697131341868185,0.09090909090909091,0.9814135140222097,0.06818181818181818,False,3,218,4578,3.983692124951631,77.6333380000433
cnn_revised_20260919T110440Z,cnn_s1_05,stage1,22,0.02259547078429378,0.9717121427647745,0.085348506401138,0.9791078486730661,0.09090909090909091,False,4,218,4796,3.951397457974963,76.673456416931
cnn_revised_20260919T110440Z,cnn_s1_06,stage1,1,0.09891667651089804,0.833570412517781,0.25,0.8721532091097308,0.20454545454545456,True,0,218,218,4.245226415921934,78.7623977920739
cnn_revised_20260919T110440Z,cnn_s1_06,stage1,2,0.08527148605244256,0.8818914608388291,0.19696969696969696,0.91699604743083,0.1590909090909091,True,0,218,436,3.96822337503545,77.72786175005604
cnn_revised_20260919T110440Z,cnn_s1_06,stage1,3,0.07561545502819528,0.8514052329841805,0.26515151515151514,0.8647186147186147,0.25,False,1,218,654,4.033088166965172,76.79940704104956
cnn_revised_20260919T110440Z,cnn_s1_06,stage1,4,0.06946413143046945,0.8850273718694771,0.1955903271692745,0.9445228684359118,0.11363636363636363,True,0,218,872,3.9499310000101104,76.76710591698065
cnn_revised_20260919T110440Z,cnn_s1_06,stage1,5,0.059759643571554236,0.9180568127936549,0.1578947368421053,0.9604743083003953,0.09090909090909091,True,0,218,1090,4.159349665977061,79.28573966608383
cnn_revised_20260919T110440Z,cnn_s1_06,stage1,6,0.06034094259758856,0.8231981981981982,0.2823613086770982,0.8244871070958026,0.2727272727272727,False,1,218,1308,4.106342833023518,78.77657175005879
cnn_revised_20260919T110440Z,cnn_s1_06,stage1,7,0.052899443999615124,0.9305088581404372,0.14366998577524892,0.962403538490495,0.08488612836438925,True,0,218,1526,4.137896416941658,78.70809316600207
cnn_revised_20260919T110440Z,cnn_s1_06,stage1,8,0.04716174428323018,0.9289031854821329,0.15151515151515152,0.9648974214191606,0.11363636363636363,False,1,218,1744,4.0844439580105245,78.77749745803885
cnn_revised_20260919T110440Z,cnn_s1_06,stage1,9,0.04496391707780253,0.9259450838398207,0.16358463726884775,0.9723790702051571,0.06818181818181818,True,0,218,1962,4.06926612497773,78.77721724996809
cnn_revised_20260919T110440Z,cnn_s1_06,stage1,10,0.04335994323098251,0.9318666752877278,0.14393939393939395,0.9464050442311311,0.11363636363636363,False,1,218,2180,4.292798916925676,81.03185954201035
cnn_revised_20260919T110440Z,cnn_s1_06,stage1,11,0.039976824574932845,0.936500495711022,0.15151515151515152,0.9433935629587804,0.13636363636363635,False,2,218,2398,4.130008375039324,79.66513595904689
cnn_revised_20260919T110440Z,cnn_s1_06,stage1,12,0.03663776974119294,0.9569377990430622,0.11379800853485067,0.9766610201392811,0.06818181818181818,True,0,218,2616,4.152728707995266,79.60806004097685
cnn_revised_20260919T110440Z,cnn_s1_06,stage1,13,0.03138409732507166,0.9082072503125136,0.19843527738264577,0.9359119141727836,0.16149068322981364,False,1,218,2834,4.171003957977518,79.22417866694741
cnn_revised_20260919T110440Z,cnn_s1_06,stage1,14,0.03187374180981931,0.9653541100909522,0.09848484848484848,0.9764257481648787,0.09090909090909091,False,2,218,3052,4.110795000102371,79.57971358392388
cnn_revised_20260919T110440Z,cnn_s1_06,stage1,15,0.02928086081435507,0.955337514548041,0.10455192034139404,0.9692264257481649,0.09090909090909091,False,3,218,3270,4.149420915986411,79.45647591701709
cnn_revised_20260919T110440Z,cnn_s1_06,stage1,16,0.024334529790135954,0.9612483296693823,0.11877667140825032,0.9711556559382647,0.10351966873706009,False,4,218,3488,4.202859416021965,79.62246074993163
cnn_revised_20260919T110440Z,cnn_s1_07,stage1,1,0.10206143734691919,0.7190234492866073,0.3560606060606061,0.7658573310747223,0.29545454545454547,True,0,218,218,4.440514624933712,81.31644191697706
cnn_revised_20260919T110440Z,cnn_s1_07,stage1,2,0.09510416605109992,0.7891611707401183,0.2937411095305832,0.8078298513081122,0.2691511387163561,True,0,218,436,4.247366749914363,81.58881620795
cnn_revised_20260919T110440Z,cnn_s1_07,stage1,3,0.08693895536566185,0.778918272339325,0.3106060606060606,0.796677959721438,0.29545454545454547,False,1,218,654,4.198797082994133,80.6488140829606
cnn_revised_20260919T110440Z,cnn_s1_07,stage1,4,0.0831631347772311,0.7547038665459719,0.34708392603129445,0.7488706945228684,0.36024844720496896,False,2,218,872,4.094275834038854,79.23303412494715
cnn_revised_20260919T110440Z,cnn_s1_07,stage1,5,0.07545095554510062,0.8524397603344972,0.2318634423897582,0.87205910031997,0.20703933747412007,True,0,218,1090,4.040720832999796,78.44890008296352
cnn_revised_20260919T110440Z,cnn_s1_07,stage1,6,0.06844597563384953,0.8134079055131687,0.23826458036984355,0.8324863542254846,0.22981366459627328,False,1,218,1308,4.023865667055361,77.52452525007538
cnn_revised_20260919T110440Z,cnn_s1_07,stage1,7,0.06625749967811576,0.8714492003965688,0.22403982930298716,0.9084321475625823,0.1590909090909091,True,0,218,1526,3.9681307499995455,75.94545033399481
cnn_revised_20260919T110440Z,cnn_s1_07,stage1,8,0.05854303920188379,0.9263653605758868,0.15220483641536275,0.9671560323734237,0.08488612836438925,True,0,218,1744,3.941228040959686,76.43147816590499
cnn_revised_20260919T110440Z,cnn_s1_07,stage1,9,0.06188597854371733,0.782312815207552,0.3036984352773826,0.7702333897986072,0.3188405797101449,False,1,218,1962,3.8639541669981554,75.02177662507165
cnn_revised_20260919T110440Z,cnn_s1_07,stage1,10,0.05979007373983555,0.8194157075736023,0.27169274537695587,0.8136645962732919,0.2650103519668737,False,2,218,2180,3.881836249958724,75.14725962490775
cnn_revised_20260919T110440Z,cnn_s1_07,stage1,11,0.052667560502063324,0.8969406008879692,0.1893939393939394,0.9427348014304536,0.10144927536231885,False,3,218,2398,4.018927209079266,76.5936898329528
cnn_revised_20260919T110440Z,cnn_s1_07,stage1,12,0.05098571445463,0.9326748997801628,0.14224751066856334,0.957321663843403,0.11363636363636363,False,4,218,2616,4.001897915964946,77.10884883394465
cnn_revised_20260919T110440Z,cnn_s1_08,stage1,1,0.10316843715608248,0.7188941333678176,0.3776671408250356,0.756446452098626,0.3084886128364389,True,0,218,218,4.028476792038418,77.55107358307578
cnn_revised_20260919T110440Z,cnn_s1_08,stage1,2,0.09779580526382214,0.7988490883227725,0.2809388335704125,0.8429324298889517,0.2422360248447205,True,0,218,436,4.239193833083846,77.75227558298502
cnn_revised_20260919T110440Z,cnn_s1_08,stage1,3,0.0866871162579565,0.8267436096383465,0.26515151515151514,0.8791172595520422,0.20703933747412007,True,0,218,654,4.060638541937806,78.27526670799125
cnn_revised_20260919T110440Z,cnn_s1_08,stage1,4,0.0837116250694782,0.7807448596922282,0.30303030303030304,0.8023244871070957,0.2727272727272727,False,1,218,872,4.043132458929904,77.1376851669047
cnn_revised_20260919T110440Z,cnn_s1_08,stage1,5,0.07741807871399915,0.864961851803957,0.22727272727272727,0.8891869000564653,0.21532091097308492,False,2,218,1090,4.152285834075883,80.32737454189919
cnn_revised_20260919T110440Z,cnn_s1_08,stage1,6,0.07049840737791371,0.8778611147032198,0.2083926031294452,0.8954451345755694,0.18181818181818182,True,0,218,1308,4.075158499996178,78.97899579198565
cnn_revised_20260919T110440Z,cnn_s1_08,stage1,7,0.06444422484622704,0.8728555110134059,0.1893939393939394,0.9064558629776021,0.1590909090909091,True,0,218,1526,4.114137207972817,78.79902504198253
cnn_revised_20260919T110440Z,cnn_s1_08,stage1,8,0.0587367548698056,0.9022587180481916,0.21212121212121213,0.9237248258987389,0.18181818181818182,False,1,218,1744,4.079422542010434,78.65610299992841
cnn_revised_20260919T110440Z,cnn_s1_08,stage1,9,0.05635230413990827,0.9169037458511142,0.18181818181818182,0.9478166760775456,0.1532091097308489,True,0,218,1962,4.121676042093895,79.04304916691035
cnn_revised_20260919T110440Z,cnn_s1_08,stage1,10,0.05253602303505731,0.8960677184361396,0.19696969696969696,0.9107848673066065,0.16356107660455488,False,1,218,2180,4.133251917082816,79.56949720799457
cnn_revised_20260919T110440Z,cnn_s1_08,stage1,11,0.05205191702433428,0.8905933445407129,0.2196969696969697,0.9125729343120647,0.20454545454545456,False,2,218,2398,4.078258124995045,78.84251733403653
cnn_revised_20260919T110440Z,cnn_s1_08,stage1,12,0.04987075431447503,0.9332029397818871,0.1443812233285917,0.960239036325993,0.09090909090909091,True,0,218,2616,4.229405624908395,79.10295700002462
cnn_revised_20260919T110440Z,cnn_s1_08,stage1,13,0.043845155226229525,0.9455472218630114,0.12091038406827881,0.9670619235836628,0.09090909090909091,True,0,218,2834,4.119753125007264,79.3422099580057
cnn_revised_20260919T110440Z,cnn_s1_08,stage1,14,0.0436817533343932,0.9430794430794431,0.1330014224751067,0.9565687935253152,0.11363636363636363,False,1,218,3052,4.104325250023976,79.12026458396576
cnn_revised_20260919T110440Z,cnn_s1_08,stage1,15,0.03994001705561476,0.9403422561317298,0.14082503556187764,0.9471579145492188,0.1490683229813664,False,2,218,3270,4.100421375012957,79.14673404197674
cnn_revised_20260919T110440Z,cnn_s1_08,stage1,16,0.03866316632101521,0.9423089357299883,0.11806543385490753,0.9507340485601355,0.10766045548654246,False,3,218,3488,4.131345915957354,79.16585833404679
cnn_revised_20260919T110440Z,cnn_s1_08,stage1,17,0.03628768577000191,0.9505743782059571,0.13086770981507823,0.9569452286843589,0.11363636363636363,False,4,218,3706,4.146112540969625,79.28457908297423
cnn_revised_20260919T110440Z,cnn_s1_09,stage1,1,0.10522962545191898,0.7316856330014223,0.3321479374110953,0.7604931300583475,0.2960662525879917,True,0,218,218,4.3175446660025045,79.97911295795348
cnn_revised_20260919T110440Z,cnn_s1_09,stage1,2,0.09780202206912368,0.8050724169145222,0.2803030303030303,0.841709015622059,0.2091097308488613,True,0,218,436,4.250948750064708,81.56759300001431
cnn_revised_20260919T110440Z,cnn_s1_09,stage1,3,0.08583148573894865,0.8399769386611493,0.23484848484848486,0.8832109919066442,0.17805383022774324,True,0,218,654,4.113595749950036,79.68458620796446
cnn_revised_20260919T110440Z,cnn_s1_09,stage1,4,0.08444583489560527,0.8528007672744515,0.24242424242424243,0.8890927912667043,0.2256728778467909,False,1,218,872,4.038807124947198,79.0862233749358
cnn_revised_20260919T110440Z,cnn_s1_09,stage1,5,0.07461182850378136,0.8343355317039528,0.23484848484848486,0.8721061547148503,0.1863354037267081,False,2,218,1090,4.012127208057791,77.81324345804751
cnn_revised_20260919T110440Z,cnn_s1_09,stage1,6,0.07116509566450625,0.8908412000517263,0.19696969696969696,0.9069734613212873,0.18181818181818182,False,3,218,1308,3.9842421249486506,77.25266812497284
cnn_revised_20260919T110440Z,cnn_s1_09,stage1,7,0.0630640872763915,0.8581081081081081,0.23484848484848486,0.8637304724261246,0.22727272727272727,False,4,218,1526,3.973244624910876,77.41200804105029
cnn_revised_20260919T110440Z,cnn_s2_10,stage2,1,0.09990143298555246,0.8282684598474074,0.23484848484848486,0.8886222473178995,0.1594202898550725,True,0,436,436,3.965317750000395,77.40406795905437
cnn_revised_20260919T110440Z,cnn_s2_10,stage2,2,0.08670936873816547,0.8638141730246992,0.20454545454545456,0.9000564652738565,0.18181818181818182,False,1,436,872,3.959021749906242,75.67815187503584
cnn_revised_20260919T110440Z,cnn_s2_10,stage2,3,0.0791377694749312,0.8385652398810293,0.2667140825035562,0.8709297948428383,0.22727272727272727,False,2,436,1308,3.957648834097199,75.61892245907802
cnn_revised_20260919T110440Z,cnn_s2_10,stage2,4,0.07159078763259163,0.7823182033708349,0.2894736842105263,0.806841709015622,0.29399585921325055,False,3,436,1744,4.013944500009529,75.86872341693379
cnn_revised_20260919T110440Z,cnn_s2_10,stage2,5,0.0631889880751009,0.927168196905039,0.1590909090909091,0.9603331451157537,0.09090909090909091,True,0,436,2180,4.232599833980203,79.29284925002139
cnn_revised_20260919T110440Z,cnn_s2_10,stage2,6,0.05734156020513964,0.855801974223027,0.25,0.875682288725767,0.2360248447204969,False,1,436,2616,4.177267000079155,80.42563866695855
cnn_revised_20260919T110440Z,cnn_s2_10,stage2,7,0.05300791228455545,0.9311877667140825,0.12019914651493602,0.9584980237154149,0.07867494824016563,True,0,436,3052,5.099191625020467,82.24046658305451
cnn_revised_20260919T110440Z,cnn_s2_10,stage2,8,0.04644125972830216,0.9407032630716842,0.14082503556187764,0.9731319405232448,0.06818181818181818,True,0,436,3488,4.074288291973062,78.62877049995586
cnn_revised_20260919T110440Z,cnn_s2_10,stage2,9,0.045186457455316506,0.8764170869434027,0.2204836415362731,0.883399209486166,0.20496894409937894,False,1,436,3924,4.089686791994609,77.92421758396085
cnn_revised_20260919T110440Z,cnn_s2_10,stage2,10,0.04254826178283111,0.9323246691667744,0.15151515151515152,0.9419348767174854,0.11363636363636363,False,2,436,4360,4.628941667033359,78.43831562506966
cnn_revised_20260919T110440Z,cnn_s2_10,stage2,11,0.03996781630512929,0.9406439932755724,0.13636363636363635,0.953227931488801,0.11363636363636363,False,3,436,4796,3.939120667055249,77.58747591695283
cnn_revised_20260919T110440Z,cnn_s2_10,stage2,12,0.033122486271658196,0.9462422949265055,0.11363636363636363,0.9668266516092603,0.04761904761904767,True,0,436,5232,3.9540041249711066,75.62294383300468
cnn_revised_20260919T110440Z,cnn_s2_10,stage2,13,0.03161853234249806,0.9500625026940817,0.11363636363636363,0.972849614153962,0.051759834368530044,False,1,436,5668,4.071493249968626,76.66062383400276
cnn_revised_20260919T110440Z,cnn_s2_10,stage2,14,0.02795890017683431,0.9616093366093367,0.10526315789473684,0.9787784679089027,0.06211180124223603,False,2,436,6104,4.071350499987602,77.65257895796094
cnn_revised_20260919T110440Z,cnn_s2_10,stage2,15,0.02796266418823565,0.9402021638863745,0.12878787878787878,0.947957839262187,0.11801242236024845,False,3,436,6540,4.090646874974482,77.66868091595825
cnn_revised_20260919T110440Z,cnn_s2_10,stage2,16,0.02364149492715761,0.9518459847407216,0.11363636363636363,0.9528985507246377,0.11363636363636363,False,4,436,6976,4.0595714170485735,77.73202366707847
cnn_revised_20260919T110440Z,cnn_s2_11,stage2,1,0.10010486307459171,0.7926365360575888,0.3036984352773826,0.8313099943534726,0.2919254658385093,True,0,436,436,4.0776904579252005,77.84239800006617
cnn_revised_20260919T110440Z,cnn_s2_11,stage2,2,0.09091806262025741,0.8753879477563687,0.20454545454545456,0.9278185582533407,0.1590909090909091,True,0,436,872,4.113222874933854,77.90344820800237
cnn_revised_20260919T110440Z,cnn_s2_11,stage2,3,0.0797370127489804,0.8804151040993144,0.2091038406827881,0.9339826839826839,0.14492753623188404,True,0,436,1308,4.056389500037767,77.86173837503884
cnn_revised_20260919T110440Z,cnn_s2_11,stage2,4,0.07148228068339425,0.8129768524505366,0.26458036984352773,0.8512140033879164,0.24430641821946175,False,1,436,1744,4.0645860829390585,78.14319729106501
cnn_revised_20260919T110440Z,cnn_s2_11,stage2,5,0.06266936846023971,0.9175826544247596,0.16358463726884775,0.9576980990024468,0.10351966873706009,True,0,436,2180,4.08870358299464,78.94472879101522
cnn_revised_20260919T110440Z,cnn_s2_11,stage2,6,0.061333990028229354,0.8341038406827881,0.23541963015647227,0.8574722379070204,0.22727272727272727,False,1,436,2616,4.0900538340210915,77.98401641706005
cnn_revised_20260919T110440Z,cnn_s2_11,stage2,7,0.05396721091025723,0.9204329928014139,0.15149359886201996,0.9506399397703745,0.09730848861283647,True,0,436,3052,4.078666916000657,78.00537820893805
cnn_revised_20260919T110440Z,cnn_s2_11,stage2,8,0.046945520757813955,0.9313601879391353,0.1590909090909091,0.962403538490495,0.09090909090909091,True,0,436,3488,4.072956667048857,78.10743412491865
cnn_revised_20260919T110440Z,cnn_s2_11,stage2,9,0.04682532883993399,0.9194954523901891,0.16666666666666666,0.939158667419537,0.12008281573498969,False,1,436,3924,4.029241375043057,78.19452283298597
cnn_revised_20260919T110440Z,cnn_s2_11,stage2,10,0.04095608588547109,0.9461183671709987,0.12878787878787878,0.9654620741577263,0.09523809523809523,False,2,436,4360,4.104063917067833,77.60748550004791
cnn_revised_20260919T110440Z,cnn_s2_11,stage2,11,0.03957965194917515,0.940606276132592,0.12588904694167857,0.9513457556935818,0.1262939958592133,False,3,436,4796,4.067280791001394,77.98308720905334
cnn_revised_20260919T110440Z,cnn_s2_11,stage2,12,0.03652017641167174,0.9572664770033192,0.09459459459459463,0.9710615471485038,0.07867494824016563,True,0,436,5232,4.085090250009671,77.87891066703014
cnn_revised_20260919T110440Z,cnn_s2_11,stage2,13,0.03387653236871593,0.9381384973490237,0.13636363636363635,0.9759081498211933,0.10766045548654246,False,1,436,5668,4.067497166921385,77.95880949997809
cnn_revised_20260919T110440Z,cnn_s2_11,stage2,14,0.03235569358983461,0.943030949609897,0.1590909090909091,0.9804253717297196,0.06818181818181818,True,0,436,6104,4.073910541948862,77.83883925003465
cnn_revised_20260919T110440Z,cnn_s2_11,stage2,15,0.029490316967630003,0.9325509720246562,0.14393939393939395,0.9424054206662902,0.13636363636363635,False,1,436,6540,4.111940999981016,78.0066862499807
cnn_revised_20260919T110440Z,cnn_s2_11,stage2,16,0.027043810169606466,0.9540551316867107,0.0981507823613087,0.9644268774703557,0.09090909090909091,False,2,436,6976,4.100008875015192,78.74727187491953
cnn_revised_20260919T110440Z,cnn_s2_11,stage2,17,0.0271061418712507,0.9524763998448209,0.13086770981507823,0.9786373047242614,0.06818181818181818,False,3,436,7412,4.08496433403343,78.07878404192161
cnn_revised_20260919T110440Z,cnn_s2_11,stage2,18,0.023889452201230454,0.9583117806802017,0.09886201991465149,0.9696499153020892,0.06818181818181818,False,4,436,7848,4.094820041907951,77.97642208298203
cnn_revised_20260919T110440Z,cnn_s2_12,stage2,1,0.10074359561712752,0.7947540842277684,0.2702702702702703,0.8493318275926972,0.2256728778467909,True,0,436,436,4.0926191250327975,78.1755492920056
cnn_revised_20260919T110440Z,cnn_s2_12,stage2,2,0.08848438760044072,0.8714168714168715,0.21212121212121213,0.9177959721437983,0.13636363636363635,True,0,436,872,4.076469291001558,78.598753749975
cnn_revised_20260919T110440Z,cnn_s2_12,stage2,3,0.08530295632637366,0.8712929436613648,0.2196969696969697,0.9202428006775834,0.1759834368530021,False,1,436,1308,4.070462208939716,77.97548033297062
cnn_revised_20260919T110440Z,cnn_s2_12,stage2,4,0.07612547476886762,0.7855888184835553,0.2816500711237553,0.7941840767927724,0.3181818181818182,False,2,436,1744,4.084319291054271,77.87685766699724
cnn_revised_20260919T110440Z,cnn_s2_12,stage2,5,0.06775208539433068,0.9132236303288936,0.17496443812233287,0.9613212874082439,0.09316770186335399,True,0,436,2180,4.068778290995397,77.83482245798223
cnn_revised_20260919T110440Z,cnn_s2_12,stage2,6,0.05989765875240395,0.8531025044182938,0.25,0.862507058159232,0.22727272727272727,False,1,436,2616,4.233914167038165,78.54212170897517
cnn_revised_20260919T110440Z,cnn_s2_12,stage2,7,0.056374110850259965,0.9171354368722789,0.15504978662873403,0.9516280820628646,0.09090909090909091,True,0,436,3052,4.088112499914132,78.11893233307637
cnn_revised_20260919T110440Z,cnn_s2_12,stage2,8,0.04931502948280248,0.9302610026294238,0.15151515151515152,0.9615565593826463,0.09090909090909091,True,0,436,3488,4.080726542044431,78.30901195795741
cnn_revised_20260919T110440Z,cnn_s2_12,stage2,9,0.04735221878042758,0.8719179706021811,0.2304409672830725,0.883305100696405,0.20454545454545456,False,1,436,3924,4.085276500089094,78.07348037499469
cnn_revised_20260919T110440Z,cnn_s2_12,stage2,10,0.044678866202355255,0.9302286736497263,0.1590909090909091,0.942875964615095,0.13636363636363635,False,2,436,4360,4.117307333042845,78.02472483296879
cnn_revised_20260919T110440Z,cnn_s2_12,stage2,11,0.04262210563874829,0.9353258761153498,0.14935988620199148,0.948051948051948,0.1262939958592133,False,3,436,4796,4.071891208994202,78.29344933398534
cnn_revised_20260919T110440Z,cnn_s2_12,stage2,12,0.036352572849016884,0.954195223932066,0.11363636363636363,0.9709203839638623,0.09090909090909091,True,0,436,5232,4.1591805829666555,79.4076819580514
cnn_revised_20260919T110440Z,cnn_s2_12,stage2,13,0.03567067312149675,0.92926958058537,0.12517780938833567,0.9579804253717297,0.06818181818181818,True,0,436,5668,4.164955334039405,78.33629641705193
cnn_revised_20260919T110440Z,cnn_s2_12,stage2,14,0.03294626603952233,0.9533600586232165,0.12121212121212122,0.9901656314699793,0.045454545454545456,True,0,436,6104,4.210211917059496,79.78304862510413
cnn_revised_20260919T110440Z,cnn_s2_12,stage2,15,0.031557905792899126,0.9423089357299883,0.13636363636363635,0.9517692452475062,0.12215320910973082,False,1,436,6540,4.066728458041325,79.28686404193286
cnn_revised_20260919T110440Z,cnn_s2_12,stage2,16,0.026235674674075577,0.9660976766239924,0.09848484848484848,0.9768492377188029,0.06818181818181818,False,2,436,6976,4.089850959018804,78.61577720800415
cnn_revised_20260919T110440Z,cnn_s2_12,stage2,17,0.02764102875827049,0.9681451786714944,0.08748221906116638,0.9837191793713533,0.03105590062111796,True,0,436,7412,4.090496457996778,78.1386203749571
cnn_revised_20260919T110440Z,cnn_s2_12,stage2,18,0.023648155686591642,0.9389521100047415,0.15433854907539113,0.9373706004140786,0.1590909090909091,False,1,436,7848,4.129367875051685,79.21000983391423
cnn_revised_20260919T110440Z,cnn_s2_12,stage2,19,0.027573790934154192,0.9660922884607096,0.11095305832147939,0.9700263504611331,0.09090909090909091,False,2,436,8284,4.096613500034437,79.97765929205343
cnn_revised_20260919T110440Z,cnn_s2_12,stage2,20,0.020171242367994353,0.9513664382085435,0.11363636363636363,0.9522397891963109,0.11363636363636363,False,3,436,8720,4.08109425008297,78.06199195794761
cnn_revised_20260919T110440Z,cnn_s2_12,stage2,21,0.020642377106348263,0.9654295443769128,0.10606060606060606,0.98338979860719,0.06818181818181818,False,4,436,9156,4.091778333997354,77.96424000000115
cnn_revised_20260919T110440Z,cnn_s2_13,stage2,1,0.09615298966407022,0.8151913875598087,0.26515151515151514,0.8489553924336533,0.22727272727272727,True,0,218,218,4.184400958009064,79.97049608407542
cnn_revised_20260919T110440Z,cnn_s2_13,stage2,2,0.083394982642571,0.8852321220742274,0.20454545454545456,0.9321475625823452,0.1532091097308489,True,0,218,436,4.237065832945518,80.56095275003463
cnn_revised_20260919T110440Z,cnn_s2_13,stage2,3,0.0732075394064004,0.8769559032716927,0.21479374110953053,0.9057500470543949,0.20454545454545456,False,1,218,654,4.897782583953813,84.09247770893853
cnn_revised_20260919T110440Z,cnn_s2_13,stage2,4,0.06694154701758033,0.8843754041122462,0.20454545454545456,0.9186429512516469,0.1590909090909091,False,2,218,872,4.0150290839374065,77.38272749993484
cnn_revised_20260919T110440Z,cnn_s2_13,stage2,5,0.05593889585005188,0.9388281822492348,0.11593172119487904,0.9639092791266705,0.06818181818181818,True,0,218,1090,4.506828292040154,80.30047325009946
cnn_revised_20260919T110440Z,cnn_s2_13,stage2,6,0.05288653516185084,0.8377354627354626,0.2588904694167852,0.9009975531714662,0.18181818181818182,False,1,218,1308,4.179712375043891,81.46580766700208
cnn_revised_20260919T110440Z,cnn_s2_13,stage2,7,0.04795536969524897,0.9493512651407388,0.09388335704125172,0.9669678147939017,0.06818181818181818,True,0,218,1526,4.1381019580876455,79.54656766704284
cnn_revised_20260919T110440Z,cnn_s2_13,stage2,8,0.04104475236536719,0.9344637699900858,0.14295874822190613,0.9689440993788819,0.08488612836438925,False,1,218,1744,4.545614500064403,81.5439072920708
cnn_revised_20260919T110440Z,cnn_s2_13,stage2,9,0.03874397649826356,0.9009170653907496,0.17496443812233287,0.9078674948240166,0.1590909090909091,False,2,218,1962,4.265591833041981,82.32237966696266
cnn_revised_20260919T110440Z,cnn_s2_13,stage2,10,0.04200695493359194,0.9385102806155439,0.14393939393939395,0.9538396386222473,0.11363636363636363,False,3,218,2180,4.3866424589650705,83.09620825003367
cnn_revised_20260919T110440Z,cnn_s2_13,stage2,11,0.03450670746253068,0.945622656148972,0.12878787878787878,0.961321287408244,0.09109730848861286,False,4,218,2398,4.311690040980466,81.70262070791796
cnn_revised_20260919T110440Z,cnn_s2_14,stage2,1,0.09649826300072331,0.820083839820682,0.2553342816500711,0.859872012045925,0.20454545454545456,True,0,218,218,4.373258291976526,81.87018687499221
cnn_revised_20260919T110440Z,cnn_s2_14,stage2,2,0.08477838125464324,0.8861858269753007,0.2204836415362731,0.9195840391492565,0.20454545454545456,True,0,218,436,4.322655290947296,81.11526833300013
cnn_revised_20260919T110440Z,cnn_s2_14,stage2,3,0.07345325050299935,0.8506293374714428,0.2553342816500711,0.873329568981743,0.2256728778467909,False,1,218,654,4.141723874956369,80.38650600006804
cnn_revised_20260919T110440Z,cnn_s2_14,stage2,4,0.06765361151518842,0.8501012974697186,0.24822190611664297,0.8857048748353097,0.22727272727272727,False,2,218,872,4.0563659579493105,79.254892500001
cnn_revised_20260919T110440Z,cnn_s2_14,stage2,5,0.056297733013062186,0.9156860209491786,0.17424242424242425,0.9355354790137399,0.13871635610766042,True,0,218,1090,4.235628957976587,79.46142924996093
cnn_revised_20260919T110440Z,cnn_s2_14,stage2,6,0.05275620891574519,0.7968662442346652,0.30085348506401133,0.8220873329568981,0.2727272727272727,False,1,218,1308,4.13614645798225,80.7697050840361
cnn_revised_20260919T110440Z,cnn_s2_14,stage2,7,0.048193358203568105,0.9400512953144531,0.11363636363636363,0.9662619988706945,0.06818181818181818,True,0,218,1526,4.1252115410752594,79.97950391599443
cnn_revised_20260919T110440Z,cnn_s2_14,stage2,8,0.042935275650089005,0.9389143928617614,0.14224751066856334,0.9711556559382646,0.06211180124223603,True,0,218,1744,4.0471776250051335,78.90211579203606
cnn_revised_20260919T110440Z,cnn_s2_14,stage2,9,0.0396452052875641,0.9172108711582396,0.16666666666666666,0.9321946169772256,0.15113871635610765,False,1,218,1962,4.1391403750749305,79.25260474998504
cnn_revised_20260919T110440Z,cnn_s2_14,stage2,10,0.04458402693902589,0.9184178197336091,0.1699857752489331,0.9335121400338792,0.1590909090909091,False,2,218,2180,4.310945917037316,80.23419212491717
cnn_revised_20260919T110440Z,cnn_s2_14,stage2,11,0.0360437514985204,0.9402722100090523,0.14366998577524892,0.9568040654997176,0.09109730848861286,False,3,218,2398,4.1742510829353705,79.65016387507785
cnn_revised_20260919T110440Z,cnn_s2_14,stage2,12,0.033411747362511186,0.9490387516703306,0.11363636363636363,0.9727084509693206,0.045454545454545456,True,0,218,2616,4.080516625079326,79.4683045001002
cnn_revised_20260919T110440Z,cnn_s2_14,stage2,13,0.02830743406342779,0.9470181904392431,0.13157894736842102,0.9731789949181253,0.053830227743271175,False,1,218,2834,4.119150374899618,79.71566204191186
cnn_revised_20260919T110440Z,cnn_s2_14,stage2,14,0.026161489253498756,0.9612968231389284,0.11166429587482218,0.979107848673066,0.06004140786749479,False,2,218,3052,4.150950083043426,80.11433354194742
cnn_revised_20260919T110440Z,cnn_s2_14,stage2,15,0.028150368643890106,0.9411989740937109,0.14295874822190613,0.944616977225673,0.13636363636363635,False,3,218,3270,4.167672291048802,78.26495995896403
cnn_revised_20260919T110440Z,cnn_s2_14,stage2,16,0.023303096217132845,0.9555853700590543,0.10028449502133707,0.9738848108413326,0.0496894409937888,False,4,218,3488,3.846396332955919,75.55984187498689
cnn_revised_20260919T110440Z,cnn_s2_15,stage2,1,0.09630082559214272,0.8418520194835984,0.24242424242424243,0.8836344814605684,0.22727272727272727,True,0,109,109,4.959340292029083,81.73716804210562
cnn_revised_20260919T110440Z,cnn_s2_15,stage2,2,0.08268954961191587,0.8247338247338247,0.27453769559032715,0.8403914925654056,0.25051759834368525,False,1,109,218,4.582518209004775,80.95805691706482
cnn_revised_20260919T110440Z,cnn_s2_15,stage2,3,0.07235542934500745,0.9216399413767836,0.1590909090909091,0.9555335968379447,0.09730848861283647,True,0,109,327,4.935625209007412,80.8558586660074
cnn_revised_20260919T110440Z,cnn_s2_15,stage2,4,0.06358051256309953,0.8790680632785897,0.22727272727272727,0.9138904573687181,0.1590909090909091,False,1,109,436,4.563453166978434,80.38523800007533
cnn_revised_20260919T110440Z,cnn_s2_15,stage2,5,0.0552067733387814,0.9293557911978965,0.14393939393939395,0.9574157726331639,0.10973084886128359,False,2,109,545,4.868908375035971,80.62336220801808
cnn_revised_20260919T110440Z,cnn_s2_15,stage2,6,0.04820761787052115,0.9550465537307643,0.1230440967283073,0.9777903256164127,0.09090909090909091,True,0,109,654,5.155739958980121,85.26430408400483
cnn_revised_20260919T110440Z,cnn_s2_15,stage2,7,0.04762957853391966,0.952039958618906,0.10668563300142242,0.9749670619235836,0.045454545454545456,True,0,109,763,4.5058646670077,86.6982474590186
cnn_revised_20260919T110440Z,cnn_s2_15,stage2,8,0.04140755911566904,0.9525410578042158,0.12121212121212122,0.971296819122906,0.082815734989648,False,1,109,872,4.3970438750693575,84.39708716701716
cnn_revised_20260919T110440Z,cnn_s2_15,stage2,9,0.036430372192854686,0.9430067028751241,0.14393939393939395,0.9592979484283831,0.11363636363636363,False,2,109,981,4.404120791936293,83.7616984170163
cnn_revised_20260919T110440Z,cnn_s2_15,stage2,10,0.04020256786769622,0.8758513297986983,0.19696969696969696,0.8883399209486167,0.18219461697722572,False,3,109,1090,4.594696625019424,84.34408554201946
cnn_revised_20260919T110440Z,cnn_s2_15,stage2,11,0.0357404591966684,0.9506067071856545,0.12121212121212122,0.9716261998870694,0.06818181818181818,False,4,109,1199,4.567085040966049,87.12272641703021
cnn_revised_20260919T110440Z,cnn_s2_16,stage2,1,0.09636464784836452,0.8479352558299926,0.2524893314366998,0.8945511010728402,0.18181818181818182,True,0,109,109,4.448678166954778,84.9538161669625
cnn_revised_20260919T110440Z,cnn_s2_16,stage2,2,0.08250996914149632,0.7945601103495841,0.30085348506401133,0.800395256916996,0.2727272727272727,False,1,109,218,4.57303641596809,84.41711329191457
cnn_revised_20260919T110440Z,cnn_s2_16,stage2,3,0.07309551267331653,0.9219847838268891,0.15151515151515152,0.9486166007905138,0.13043478260869568,True,0,109,327,4.407238875050098,84.85893587500323
cnn_revised_20260919T110440Z,cnn_s2_16,stage2,4,0.06435844106314959,0.8127128324496746,0.24822190611664297,0.8255223037831734,0.25,False,1,109,436,4.413926708046347,84.06685187504627
cnn_revised_20260919T110440Z,cnn_s2_16,stage2,5,0.05712120141927594,0.9254062675115307,0.14393939393939395,0.9517221908526257,0.11363636363636363,True,0,109,545,4.67357908305712,82.71548400004394
cnn_revised_20260919T110440Z,cnn_s2_16,stage2,6,0.04980573195119799,0.9398680977628346,0.1590909090909091,0.9710144927536232,0.10559006211180122,True,0,109,654,4.105127957998775,79.97106045798864
cnn_revised_20260919T110440Z,cnn_s2_16,stage2,7,0.04866683729569351,0.9546478296478296,0.10606060606060606,0.9761904761904762,0.06818181818181818,True,0,109,763,4.110065208980814,78.42619012494106
cnn_revised_20260919T110440Z,cnn_s2_16,stage2,8,0.042054735917613516,0.9576759774128195,0.10739687055476532,0.9763316393751176,0.06818181818181818,True,0,109,872,4.114591583958827,78.39148049999494
cnn_revised_20260919T110440Z,cnn_s2_16,stage2,9,0.03759453902578481,0.9461560843139791,0.13726884779516357,0.9554865424430642,0.11363636363636363,False,1,109,981,4.111317374976352,78.87862400000449
cnn_revised_20260919T110440Z,cnn_s2_16,stage2,10,0.04069633872515718,0.8632942152678995,0.20454545454545456,0.8687182382834556,0.22727272727272727,False,2,109,1090,4.228585125063546,79.57047641696408
cnn_revised_20260919T110440Z,cnn_s2_16,stage2,11,0.03568540206835373,0.9611351782404414,0.09090909090909091,0.9780726519856955,0.06818181818181818,True,0,109,1199,4.335097625036724,82.03093841602094
cnn_revised_20260919T110440Z,cnn_s2_16,stage2,12,0.031097619166431698,0.9428261994051468,0.12375533428165009,0.9729907773386034,0.05590062111801242,True,0,109,1308,4.647500958992168,82.20696320792194
cnn_revised_20260919T110440Z,cnn_s2_16,stage2,13,0.029993946663901642,0.9285206258890469,0.15151515151515152,0.9558159232072275,0.11363636363636363,False,1,109,1417,4.908092750003561,82.69864825007971
cnn_revised_20260919T110440Z,cnn_s2_16,stage2,14,0.024303013153264046,0.9547502047502048,0.09848484848484848,0.9683794466403163,0.08695652173913049,False,2,109,1526,5.045551791903563,85.2237167499261
cnn_revised_20260919T110440Z,cnn_s2_16,stage2,15,0.024493901174527783,0.946029462476831,0.12878787878787878,0.9516751364577452,0.11363636363636363,False,3,109,1635,4.377375707961619,81.70401149999816
cnn_revised_20260919T110440Z,cnn_s2_16,stage2,16,0.019292587715957554,0.9556877451614293,0.12121212121212122,0.9723790702051571,0.10766045548654246,False,4,109,1744,4.18604854203295,80.51216966693755
cnn_revised_20260919T110440Z,cnn_s2_17,stage2,1,0.09625983193198047,0.8472455709297815,0.2439544807965861,0.895021645021645,0.18426501035196685,True,0,109,109,4.210048542008735,80.22860262508038
cnn_revised_20260919T110440Z,cnn_s2_17,stage2,2,0.08193274834640436,0.8029063752747965,0.2894736842105263,0.8065593826463391,0.2727272727272727,False,1,109,218,4.90341645909939,82.77783795795403
cnn_revised_20260919T110440Z,cnn_s2_17,stage2,3,0.07251448019883443,0.928305099357731,0.13940256045519206,0.950875211744777,0.11363636363636363,True,0,109,327,4.3531952920602635,83.19197941699531
cnn_revised_20260919T110440Z,cnn_s2_17,stage2,4,0.0639791876773838,0.8398853398853399,0.23755334281650076,0.8734707321663844,0.22153209109730854,False,1,109,436,4.253161125001498,82.07651720801368
cnn_revised_20260919T110440Z,cnn_s2_17,stage2,5,0.05805238768045574,0.9346200267252899,0.1443812233285917,0.9696028609072087,0.07660455486542439,True,0,109,545,4.2025482499739155,81.5100577500416
cnn_revised_20260919T110440Z,cnn_s2_17,stage2,6,0.05016037802841154,0.957271865166602,0.09957325746799428,0.9817899491812534,0.06818181818181818,True,0,109,654,4.7003936669789255,82.35200233291835
cnn_revised_20260919T110440Z,cnn_s2_17,stage2,7,0.046799109188097356,0.9533169533169534,0.11363636363636363,0.9753905514775081,0.06818181818181818,False,1,109,763,4.215703708003275,80.74466399999801
cnn_revised_20260919T110440Z,cnn_s2_17,stage2,8,0.041030422131646836,0.9595295055821371,0.11363636363636363,0.9800018821757951,0.09090909090909091,False,2,109,872,4.274493291042745,80.49372320796829
cnn_revised_20260919T110440Z,cnn_s2_17,stage2,9,0.03611048610162595,0.9539904737273158,0.12873399715504974,0.9752493882928666,0.11363636363636363,False,3,109,981,4.274608750012703,81.14433262497187
cnn_revised_20260919T110440Z,cnn_s2_17,stage2,10,0.04160809822490692,0.9249186387344281,0.14393939393939395,0.9359589685676641,0.11363636363636363,False,4,109,1090,4.221827375004068,81.36051837506238
